N,Species,Recap_Date,Period,PIT_Tag,Recap_Loc,Moved,Visual,Removed,Bare_Tag,Known_Death,Pre_Alive,Pen_ID, SVL_mm,TL_mm,Mass_g,Photo,Release,Notes,proofed
1,AMAN,8/1/2018,1,x0987,"1,3,L",1,1,0,0,0,1,"1,3",37,45,0.87,,8/4/2018,Partial tail,
2,AMAN,8/1/2018,1,x0944,"1,3,B6",1,0,0,0,0,1,"1,3",,,,,,no visual ,
3,AMAN,8/1/2018,1,x0950,"1,3,B6",1,0,0,0,0,1,"1,3",,,,,,,
4,AMAN,8/1/2018,1,x0861,"1,3,B",1,0,0,0,0,1,"1,3",,,,,,in unknown burrow,
5,AMAN,8/1/2018,1,x0847,"1,5,B",1,0,0,0,0,1,"1,5",,,,,,in unknown burrow,
6,AMAN,8/1/2018,1,x0866,"1,5,B4",1,0,0,0,0,1,"1,5",,,,,,,
7,AMAN,8/1/2018,1,x0808,"1,6,P3",1,2,1,1,0,0,"1,6",NA,NA,NA,NA,NA,bare tag in pitfall trap,
8,AMAN,8/1/2018,1,x0875,"1,6,P3",1,2,1,1,0,0,"1,6",NA,NA,NA,NA,NA,bare tag in pitfall trap,
9,AMAN,8/1/2018,1,x0868,"1,6,B",1,0,0,0,0,1,"1,6",,,,,,unknown burrow,
10,AMAN,8/1/2018,1,x0983,"1,4,L",1,0,0,0,0,1,"1,4",,,,,,unknown burrow,
11,AMAN,8/1/2018,1,x0931,"1,4,B",1,0,0,0,0,1,"1,4",,,,,,unknown burrow,
12,AMAN,8/1/2018,1,x0807,"1,4,B",1,0,0,0,0,1,"1,4",,,,,,unknown burrow,
13,AMAN,8/1/2018,1,x0917,"1,4,B",1,0,0,0,0,1,"1,4",,,,,,unknown burrow,
14,AMAN,8/1/2018,1,x0921,"1,4,B1",1,0,0,0,0,1,"1,4",,,,,,,
15,AMAN,8/1/2018,1,x0925,"1,4,L",1,1,0,0,0,1,"1,4",41,69,2.02,,8/4/2018,,
16,AMAN,8/1/2018,1,x0919,"2,1,B5",1,0,0,0,0,1,"2,1",,,,,,,
17,AMAN,8/1/2018,1,x0085,"2,1,B5",1,0,0,0,0,1,"2,1",,,,,,moved from Britt search,
18,AMAN,8/1/2018,1,x0826,"2,1,B1",1,0,0,0,0,1,"2,1",,,,,,,
19,AMAN,8/1/2018,1,x0956,"2,1,B1",1,0,0,0,0,1,"2,3",,,,,,,
20,AMAN,8/1/2018,1,x0084,"2,1,B2",1,0,0,0,0,1,"2,7",,,,,,,
21,AMAN,8/1/2018,1,x0833,"2,1,L",1,1,0,0,0,1,"2,1",39,73,1.61,,8/4/2018,,
22,AMAN,8/1/2018,1,x0832,"2,1,P2",1,1,0,0,0,1,"2,1",36,51,0.94,,8/4/2018,in sponge of pitfall,
23,AMAN,8/1/2018,1,x0936,"2,5",1,1,0,0,0,1,"2,5",39,70,1.73,,8/4/2018,,
24,AMAN,8/1/2018,1,x0911,"2,5,L",1,1,0,0,0,1,"2,5",34,62,1.18,,8/4/2018,,
25,AMAN,8/1/2018,1,x0929,"2,5",1,0,0,0,0,1,"2,5",,,,,,,
26,AMAN,8/1/2018,1,x0904,"2,5,P2",1,1,0,0,0,1,"2,5",35,65,1.02,,8/4/2018,,
27,AMAN,8/1/2018,1,x0938,"2,5,P2",1,1,0,0,0,1,"2,5",36,60,1.05,,8/4/2018,,
28,AMAN,8/1/2018,1,x0818,"2,5,L",1,1,0,0,0,1,"2,5",31,57,0.9,,8/4/2018,,
29,AMAN,8/1/2018,1,x0933,"2,5,L",1,1,0,0,0,1,,38,68,1.3,,8/4/2018,found in leaf litter,
30,AMAN,8/1/2018,1,x0812,"2,7,L",1,1,0,0,0,1,"2,7",30,52,0.72,,8/4/2018,found in leaf litter,
31,AMAN,8/1/2018,1,x0083,"2,7,L",1,2,1,1,0,0,"2,8",NA,NA,NA,,NA,bare tag in leaf litter,
32,AMAN,8/1/2018,1,x0854,"2,7,P1",1,2,1,1,0,0,"2,7",NA,NA,NA,,NA,bare tag in sponge ,
33,AMAN,8/1/2018,1,x0801,"2,7,P3",1,2,1,1,0,0,"2,7",NA,NA,NA,,NA,bare tag in sponge,
34,AMAN,8/1/2018,1,x0971,"2,2,L",1,2,1,1,0,0,"2,8",NA,NA,NA,,NA,bare tag in poop from snake? See pictures,
35,AMAN,8/1/2018,1,x0916,"2,2,P1",1,2,1,1,0,0,"2,2",NA,NA,NA,,NA,bare tag in pitfall trap,
36,AMAN,8/1/2018,1,x0878,"2,2,P1",1,2,1,1,0,0,"2,2",NA,NA,NA,,NA,bare tag in pitfall trap,
37,AMAN,8/1/2018,1,x0873,"2,2,P3",1,1,0,0,0,1,"2,2",31,58,0.79,,8/4/2018,,
38,AMAN,8/1/2018,1,x0880,"2,2,P3",1,1,0,0,0,1,"2,2",35,60,1.21,,8/4/2018,,
39,AMAN,8/1/2018,1,x0841,"2,4,L",1,1,0,0,0,1,"2,4",41,72,1.75,,8/4/2018,,
40,AMAN,8/1/2018,1,x0838,"2,4,L",1,1,0,0,0,1,"2,4",33,60,1.02,,8/4/2018,,
41,AMAN,8/1/2018,1,x0915,"2,4",1,0,0,0,0,1,"2,4",,,,,,underground? ,
42,AMAN,8/1/2018,1,x0940,"2,6,L",1,2,1,1,0,0,"2,6",NA,NA,NA,,NA,bare tag in leaf litter,
43,AMAN,8/1/2018,1,x0973,"2,8,P1",1,1,0,0,0,1,"2,8",41,70,1.34,,8/4/2018,,
44,AMAN,8/1/2018,1,x0974,"2,8,P1",1,1,0,0,0,1,"2,8",43,78,1.69,,8/4/2018,,
45,AMAN,8/1/2018,1,x0962,"2,8,P1",1,1,0,0,0,1,"2,8",34,63,1.1,,8/4/2018,,
46,AMAN,8/1/2018,1,x0892,"3,1,B4",1,0,0,0,0,1,"3,3",,,,,,,
47,AMAN,8/1/2018,1,x0848,"3,1,B6",1,0,0,0,0,1,"3,1",,,,,,,
48,AMAN,8/1/2018,1,x0094,"3,1,L",1,1,0,0,0,1,"3,1",37,60,1.62,,8/4/2018,,
49,AMAN,8/1/2018,1,x0824,"3,1,L",1,1,0,0,0,1,"3,1",33,49,1.08,,8/4/2018,partial tail? ,
50,AMAN,8/1/2018,1,x0897,"3,3,L",1,1,0,0,0,1,"3,3",40,74,1.39,,8/4/2018,back right leg partially torn off ,
51,AMAN,8/1/2018,1,x0884,"3,5,L",1,0,0,0,0,1,"3,5",,,,,,,
52,AMAN,8/1/2018,1,x0979,"3,5,L",1,1,0,0,0,1,"3,5",42,71,1.86,,8/4/2018,,
53,AMAN,8/1/2018,1,"UNK-3,5","3,5,L",1,1,0,0,0,1,NA,40,74,1.48,,8/4/2018,,
54,AMAN,8/1/2018,1,x0835,"3,5,L",1,1,0,0,0,1,,42,79,2,,8/4/2018,,
55,AMAN,8/1/2018,1,x0966,"3,5,B",1,0,0,0,0,1,"3,5",,,,,,"signal lost, went deeper? ",
56,AMAN,8/1/2018,1,x0884,"3,5,L",1,0,0,0,0,0,"3,5",,,,,,,
57,AMAN,8/1/2018,1,x0840,"3,5,P1",1,1,0,0,0,1,"3,5",33,55,1.12,,8/4/2018,raw spot on base of tail,
58,AMAN,8/1/2018,1,x0092,"3,5,P2",1,1,0,0,0,1,"3,7",41,69,1.6,,8/4/2018,,
59,AMAN,8/1/2018,1,x0860,"3,7,L",1,1,0,0,0,1,"3,7",39,68,1.56,,8/4/2018,,
60,AMAN,8/1/2018,1,x0823,"3,7,L",1,1,0,0,0,1,"3,7",35,58,0.92,,8/4/2018,co-occupy space with 0806,
61,AMAN,8/1/2018,1,x0766,"3,7,L",1,1,0,0,0,1,"3,7",36,65,1.4,,8/4/2018,,
62,AMAN,8/1/2018,1,x0806,"3,7,L",1,1,0,0,0,1,"3,7",39,71,1.57,,8/4/2018,co-occupy space wih 0823,
63,AMAN,8/1/2018,1,x0830,"3,7,L",1,1,0,0,0,1,"3,7",35,60,1.02,,8/4/2018,,
64,AMAN,8/1/2018,1,x0893,"3,2,L",1,1,0,0,0,1,"3,2",35,57,0.96,,8/4/2018,,
65,AMAN,8/1/2018,1,x0998,"3,2,CC",1,0,0,0,0,1,"3,1",,,,,,clay crack,
66,AMAN,8/1/2018,1,x0822,"3,2,CC",1,0,0,0,0,1,"3,2",,,,,,clay crack ,
67,AMAN,8/1/2018,1,x0810,"3,2,L",1,1,0,0,0,1,"3,2",36,55,1.42,,8/4/2018,partial tail,
68,AMAN,8/1/2018,1,x0991,"3,2,L",1,1,0,0,0,1,"3,2",43,79,2.11,,8/4/2018,,
69,AMAN,8/1/2018,1,x0945,"3,2,B6",1,1,0,0,0,1,"3,2",,,,,,"alive, non-recapture",
70,AMAN,8/1/2018,1,x0090,"3,4,L",1,1,0,0,0,1,"3,4",35,64,1.58,,8/4/2018,,
71,AMAN,8/1/2018,1,x0941,"3,4,CC",1,1,0,0,0,1,"3,4",,,,,,"alive, non-recapture, clay crack",
72,AMAN,8/1/2018,1,x0951,"3,6,L",1,1,0,0,0,1,"3,6",35,47,1.01,,8/4/2018,partial tail ,
73,AMAN,8/1/2018,1,x0093,"3,6,B1",1,1,0,0,0,1,"3,6",,,,,,"alive, non-recapture",
74,AMAN,8/1/2018,1,x0088,"3,6,L",1,1,0,0,0,1,"3,6",32,45,0.74,,8/4/2018,partial tail ,
75,AMAN,8/1/2018,1,x0960,"3,6,B6",1,0,0,0,0,1,"3,6",,,,,,"in burrow, no visual",
76,AMAN,8/1/2018,1,x0959,"3,6,B3",1,0,0,0,0,1,"3,6",,,,,,,
77,AMAN,8/1/2018,1,x0865,"3,8,B1",1,0,0,0,0,1,"3,8",,,,,,,
78,AMAN,8/1/2018,1,x0874,"3,8",1,0,0,0,0,1,"3,8",,,,,,,
79,AMAN,8/1/2018,1,"UNK1-3,8","3,8,L",1,1,0,0,0,1,NA,37,68,1.22,,8/4/2018,,
80,AMAN,8/1/2018,1,x0851,"3,8,B5",1,0,0,0,0,1,"3,8",,,,,,dropped tag? ,
81,AMAN,8/1/2018,1,x0920,"3,8,B6",1,0,0,0,0,1,"3,8",,,,,,no visual ,
82,AMAN,8/1/2018,1,"UNK2-3,8","3,8,B5",1,0,0,0,0,1,NA,35,65,1.61,,8/4/2018,,
83,AMAN,8/1/2018,1,x0844,"3,8",1,0,0,0,0,1,"3,8",,,,,,,
84,AMAN,8/1/2018,1,x0905,"4,1,L",1,0,0,0,0,1,"4,1",34,58,1.08,,8/4/2018,,
85,AMAN,8/1/2018,1,x0910,"4,1,B1",1,1,0,0,0,1,"4,1",,,,,,"visual, no recap",
86,AMAN,8/1/2018,1,x0914,"4,1,L",1,1,0,0,0,1,"4,1",33,58,0.91,,8/4/2018,,
87,AMAN,8/1/2018,1,x0804/x0923,"4,1,L",1,1,0,0,0,1,"4,1",39,71,1.37,,8/4/2018,double tag animal (804/923). ,
88,AMAN,8/1/2018,1,x0965,"4,2,B4",1,0,0,0,0,1,"4,2",,,,,,"in burrow, no visual",
89,AMAN,8/1/2018,1,x0967,"4,2,CC",1,0,0,0,0,1,"4,2",,,,,,"in clay crack, no visual ",
90,AMAN,8/1/2018,1,x0980,"4,2,B5",1,0,0,0,0,1,"4,2",,,,,,no visual,
91,AMAN,8/1/2018,1,x0976,"4,2,L",1,1,0,0,0,1,"4,2",44,78,2.32,,8/4/2018,,
92,AMAN,8/1/2018,1,x0091,"4,2",1,0,0,0,0,1,"4,2",,,,,,bare tag? -- Update: live animal captured on 08/03/2018,
93,AMAN,8/1/2018,1,x0775,"4,3,L",1,0,0,0,0,1,"4,3",,,,,,possibly a bare tag,
94,AMAN,8/1/2018,1,x0087,"4,3,B4",1,0,0,0,0,1,"4,3",,,,,,no visual,
95,AMAN,8/1/2018,1,x0883,"4,3,B6",1,1,0,0,0,1,"4,3",,,,,,alive no recap,
96,AMAN,8/1/2018,1,x0836/x0970,"4,3,L",1,1,0,0,0,1,"4,3",41,74,1.81,,8/4/2018,double tag animal (836/970). ,
97,AMAN,8/1/2018,1,x0779,"4,3,P1",1,1,0,0,0,1,"4,3",41,79,1.86,,8/4/2018,,
98,AMAN,8/1/2018,1,x0952,"4,4",1,0,0,0,0,1,"4,4",,,,,,bare tag? -- Update: bare tag found 08/15/2018,
99,AMAN,8/1/2018,1,x0918,"4,4,L",1,0,0,0,0,1,"4,4",,,,,,bare tag? -- Update: bare tag found 08/30/2018,
100,AMAN,8/1/2018,1,x0825,"3,5,L",1,1,0,0,0,1,,40,69,1.27,,8/4/2018,,
101,AMAN,8/2/2018,1,x0952,"4,4",0,0,0,0,0,0,"4,4",,,,,,,
102,AMAN,8/2/2018,1,x0775,"4,3",0,0,0,0,0,0,"4,3",,,,,,clay crack,
103,AMAN,8/2/2018,1,x0965,"4,2,B5",0,0,0,0,0,0,"4,2",,,,,,in burrow,
104,AMAN,8/2/2018,1,x0980,"4,2,B4",0,0,0,0,0,0,"4,2",,,,,,,
105,AMAN,8/2/2018,1,x0910,"4,1,B1",0,1,0,0,0,1,"4,1",,,,,,"alive in burrow, no recapture",
106,AMAN,8/2/2018,1,x0813,"4,1,B4",0,0,0,0,0,0,"4,1",,,,,,,
107,AMAN,8/2/2018,1,x0874,"3,8",0,0,0,0,0,0,"3,8",,,,,,tag?,
108,AMAN,8/2/2018,1,x0920,"3,8,B6",0,0,0,0,0,0,"3,8",,,,,,Data entry errror? Actual ID is x0920,yes
109,AMAN,8/2/2018,1,x0851,"3,8.B5",0,0,0,0,0,0,"3,8",,,,,,,
110,AMAN,8/2/2018,1,x0959,"3,6,P2",0,1,0,0,0,1,"3,6",44,65,1.68,,8/4/2018,partial tail,
111,AMAN,8/2/2018,1,x0960,"3,6,B6",0,1,0,0,0,1,"3,6",41,71,1.44,,8/4/2018,,
112,AMAN,8/2/2018,1,x0941,"3,4,B3",1,1,0,0,0,1,"3,4",,,,,,alive in burrow,
113,AMAN,8/2/2018,1,x0998,"3,2,CC",0,0,0,0,0,0,"3,1",,,,,,,
114,AMAN,8/2/2018,1,x0822,"3,2,CC",0,0,0,0,0,0,"3,2",,,,,,,
115,AMAN,8/2/2018,1,x0898,"3,5,L",1,1,0,0,0,1,"3,5",35,59,1.29,,8/4/2018,,
116,AMAN,8/2/2018,1,x0884,"3,5",0,0,0,0,0,0,"3,5",,,,,,bare tag? -- Update: bare tag found on 08/30/2018,
117,AMAN,8/2/2018,1,x0926,"3,1,B4",1,0,0,0,0,1,"3,1",,,,,,,
118,AMAN,8/2/2018,1,x0848,"3,1,B6",0,1,0,0,0,1,"3,1",,,,,,"alive, no recapture",
119,AMAN,8/2/2018,1,x0915,"2,4,L",1,2,1,1,0,0,"2,4",NA,NA,NA,NA,NA,bare tag,
120,AMAN,8/2/2018,1,x0877,"2,4,B4",1,0,0,0,0,1,"2,2",,,,,,no visual ,
121,AMAN,8/2/2018,1,x0081,"2,4,P4",1,1,0,0,0,1,"2,4",32,56,0.78,,8/4/2018,,
122,AMAN,8/2/2018,1,"UNK-2,4","2,4,P4",1,1,0,0,0,1,NA,33,49,0.89,,8/4/2018,partial tail,
123,AMAN,8/2/2018,1,x0096,"2,8,P3",1,1,0,0,0,1,"2,8",41,57,1.49,,8/4/2018,partial tail,
124,AMAN,8/2/2018,1,x0919,"2,1,B5",0,0,0,0,0,0,"2,1",,,,,,no visual ,
125,AMAN,8/2/2018,1,x0886,"2,1,B5",0,0,0,0,0,0,"2,1",,,,,,no visual ,
126,AMAN,8/2/2018,1,x0084,"2,1,B2",0,1,0,0,0,1,"2,7",,,,,,"alive, no recapture",
127,AMAN,8/2/2018,1,x0085,"2,1,B5",0,0,0,0,0,0,"2,1",,,,,,,
128,AMAN,8/2/2018,1,x0983,"1,4,L",0,2,1,1,0,0,,NA,NA,NA,NA,NA,bare tag on litter ,
129,AMAN,8/2/2018,1,"UNK-1,4","1,4,L",1,1,0,0,0,1,NA,34,44,0.78,,8/4/2018,between 0983 and 0917,
130,AMAN,8/2/2018,1,x0917,"1,4,L",0,2,1,1,0,0,"1,4",NA,NA,NA,NA,NA,bare tag on litter,
131,AMAN,8/2/2018,1,x0921,"1,4,L",0,2,1,1,0,0,"1,4",NA,NA,NA,NA,NA,bare tag on litter,
132,AMAN,8/2/2018,1,x0868,"1,6",0,0,0,0,0,0,"1,6",,,,,,bare tag? -- Update: bare tag found on 05/09/2019,
133,AMAN,8/2/2018,1,x0847,"1,5,B5",0,0,0,0,0,0,"1,5",,,,,,no visual,
134,AMAN,8/2/2018,1,x0829,"1,5,B6",0,2,1,1,0,0,"1,5",NA,NA,NA,NA,NA,bare tag in sponge,
135,AMAN,8/2/2018,1,x0861,"1,3,L",0,2,1,1,0,0,"1,3",NA,NA,NA,NA,NA,bare tag in litter,
136,AMAN,8/2/2018,1,x0944,"1,3,B6",0,0,0,0,0,0,"1,3",,,,,,no visual,
137,AMAN,8/2/2018,1,x0999,"1,3,P4",0,2,1,1,0,0,"1,3",NA,NA,NA,NA,NA,bare tag in pitfall,
138,AMAN,8/3/2018,1,x0084,"2,1,L",1,1,0,0,0,1,"2,7",42,75,2.04,,8/4/2018,,
139,AMAN,8/3/2018,1,x0919,"2,1,B5",0,0,0,0,0,0,"2,1",,,,,,no visual ,
140,AMAN,8/3/2018,1,x0913,"2,1,B2",1,0,0,0,0,1,"2,3",,,,,,,
141,AMAN,8/3/2018,1,x0929,"2,5,B4",0,0,0,0,0,0,"2,5",,,,,,,
142,AMAN,8/3/2018,1,x0884,"3,5",0,0,0,0,0,0,"3,5",,,,,,no visual,
143,AMAN,8/3/2018,1,x0848,"3,1,B6",0,0,0,0,0,0,"3,1",,,,,,no visual,
144,AMAN,8/3/2018,1,x0926,"3,1,B4",0,0,0,0,0,0,"3,1",,,,,,no visual ,
145,AMAN,8/3/2018,1,x0978,"3,3,P1",1,1,0,0,0,1,"3,3",37,56,1.62,,8/4/2018,partial tail ,
146,AMAN,8/3/2018,1,x0963,"3,3,P1",1,1,0,0,0,1,"3,3",41,80,1.8,,8/4/2018,tail half attached,
147,AMAN,8/3/2018,1,x0882,"3,3,P3",1,1,0,0,0,1,"3,3",37,50,1.25,,8/4/2018,"partial tail, hanging tail stub",
148,AMAN,8/3/2018,1,x0922,"3,8,B6",0,0,0,0,0,0,"3,3",,,,,,no visual,
149,AMAN,8/3/2018,1,x0851,"3,8,B5",0,0,0,0,0,0,"3,8",,,,,,,
150,AMAN,8/3/2018,1,x0874,"3,8,L",0,0,0,0,0,0,"3,8",,,,,,tag?,
151,AMAN,8/3/2018,1,x0941,"3,4,B3",0,0,0,0,0,0,"3,4",,,,,,no visual ,
152,AMAN,8/3/2018,1,x0998,"3,2,CC",0,0,0,0,0,0,"3,1",,,,,,,
153,AMAN,8/3/2018,1,x0945,"3,2,B6",0,0,0,0,0,0,"3,2",,,,,,,
154,AMAN,8/3/2018,1,x0093,"3,6,P4",1,1,0,0,0,1,"3,6",35,56,0.9,,8/4/2018,partial tail,
155,AMAN,8/3/2018,1,x0944,"1,3,B6",0,0,0,0,0,0,"1,3",,,,,,no visual ,
156,AMAN,8/3/2018,1,x0774,"1,5,P1",1,2,1,1,0,0,"1,5",NA,NA,NA,NA,NA,bare tag in P1,
157,AMAN,8/3/2018,1,x0847,"1,5,B2",0,0,0,0,0,0,"1,5",,,,,,no visual,
158,AMAN,8/3/2018,1,x0866,"1,5,B4",0,0,0,0,0,0,"1,5",,,,,,,
159,AMAN,8/3/2018,1,x0868,"1,4,L",0,0,0,0,0,0,"1,6",,,,,,no visual,
160,AMAN,8/3/2018,1,x0931,"1,4,L",0,2,1,1,0,0,"1,4",NA,NA,NA,NA,NA,"bare tag, leaning on flag post! ",
161,AMAN,8/3/2018,1,x0807,"1,4",0,0,0,0,0,0,"1,4",,,,,,no visual ,
162,AMAN,8/3/2018,1,x0950,"1,3,P3",1,1,1,0,1,1,"1,3",41,43,1.04,,NA,"dead; tail missing, side ripped open, possible beetle predation or scavange? ",
163,AMAN,8/3/2018,1,x0803,"1,6,P4",1,1,0,0,0,1,"1,6",32,48,1.35,,8/4/2018,,
164,AMAN,8/3/2018,1,x0996,"4,4,L",1,1,1,0,1,1,"4,4",32,47,0.4,,NA,dead; found desiccated on the surface,
165,AMAN,8/3/2018,1,x0952,"4,4",0,0,0,0,0,0,"4,4",,,,,,bare tag? -- Update: bare tag found 08/15/2018,
166,AMAN,8/3/2018,1,x0918,"4,4",0,0,0,0,0,0,"4,4",,,,,,bare tag? -- Update: bare tag found 08/30/2018,
167,AMAN,8/3/2018,1,x0961,"4,3,B1",1,0,0,0,0,1,"4,3",,,,,,,
168,AMAN,8/3/2018,1,x0775,"4,3,L",0,0,0,0,0,0,"4,3",,,,,,,
169,AMAN,8/3/2018,1,x0967,"4,2,CC",0,0,0,0,0,0,"4,2",,,,,,in clay crack,
170,AMAN,8/3/2018,1,x0965,"4,2,B4",0,0,0,0,0,0,"4,2",,,,,,,
171,AMAN,8/3/2018,1,x0091,"4,2,L",0,1,0,0,0,1,"4,2",35,56,0.95,,8/4/2018,,
172,AMAN,8/3/2018,1,x0937,"4,2,B5",1,0,0,0,0,1,"4,1",,,,,,,
173,AMAN,8/3/2018,1,x0910,"4,2,B1",0,0,0,0,0,0,"4,1",,,,,,,
174,AMAN,8/3/2018,1,x0891,"4,2E,CC",1,0,0,0,0,1,"4,2",,,,,,"in clay crack in pen E of 4,2",
175,AMAN,8/4/2018,1,x0856,"3,4,L",1,1,0,0,0,1,"3,4",33,61,1.19,,8/4/2018,surface active during recapture,
176,AMAN,8/15/2018,2,x0892,"3,1,B4",0,0,0,0,0,0,"3,3",,,,,,"signal lost while searching, moved deeper in burrow?",
177,AMAN,8/15/2018,2,x0848,"3,1,B6",0,1,0,0,0,1,"3,1",,,,,,"alive in burrow, no recapture",
178,AMAN,8/15/2018,2,x0978,"3,3,B4",1,0,0,0,0,1,"3,3",,,,,,,
179,AMAN,8/15/2018,2,x0882,"3,3,L",NA,1,0,0,0,1,"3,3",37,46,1.27,,,"partial tail, missing front right foot",
180,AMAN,8/15/2018,2,x0840,"3,5,L",1,1,0,0,0,1,"3,5",35,60,1.06,,,raw spot on tail that is healing?,
181,AMAN,8/15/2018,2,x0979,"3,5,B1",1,1,0,0,0,1,"3,5",,,,,,,
182,AMAN,8/15/2018,2,x0884,"3,5",1,0,0,0,0,1,"3,5",,,,,,,
183,AMAN,8/15/2018,2,x0898,"3,5,B3",1,0,0,0,0,1,"3,5",,,,,,,
184,AMAN,8/15/2018,2,x0830,"3,7,L",1,1,0,0,0,1,"3,7",35,61,1.21,,,,
185,AMAN,8/15/2018,2,x0860,"3,7,B2",1,1,0,0,0,1,"3,7",,,,,,,
186,AMAN,8/15/2018,2,x0086,"3,7,B3",1,0,0,0,0,1,"3,7",,,,,,alive? In burrow?,
187,AMAN,8/15/2018,2,x0766,"3,7,L",1,1,0,0,0,1,"3,7",42,72,1.43,,,,
188,AMAN,8/15/2018,2,x0092,"3,7,P1",1,1,0,0,0,1,"3,7",41,69,1.55,,,,
189,AMAN,8/15/2018,2,x0806,"3,7,B1",1,1,0,0,0,1,"3,7",,,,,,alive in burrow ,
190,AMAN,8/15/2018,2,x0844,"3,8,B6",1,2,1,1,0,0,"3,8",NA,NA,NA,NA,NA,bare tag,
191,AMAN,8/15/2018,2,x0874,"3,8,L",0,2,1,1,0,0,"3,8",NA,NA,NA,NA,NA,bare tag,
192,AMAN,8/15/2018,2,x0920,"3,8,B6",0,0,0,0,0,0,"3,8",,,,,,,
193,AMAN,8/15/2018,2,x0851,"3,8,B4",0,2,1,1,0,0,"3,8",NA,NA,NA,NA,NA,bare tag,
194,AMAN,8/15/2018,2,x0960,"3,6,B5",1,0,0,0,0,1,"3,6",,,,,,,
195,AMAN,8/15/2018,2,x0093,"3,4,L",1,1,0,0,0,1,"3,6",35,43,0.78,,,partial tail,
196,AMAN,8/15/2018,2,x0893,"3,2,L",1,1,0,0,0,1,"3,2",36,61,1.33,,,,
197,AMAN,8/15/2018,2,x0998,"3,2,CC",0,0,0,0,0,0,"3,1",,,,,,,
198,AMAN,8/15/2018,2,x0880,"2,2,L",1,1,0,0,0,1,"2,2",41,46,1.44,,,partial tail,
199,AMAN,8/15/2018,2,x0810,"2,2,B4",1,0,0,0,0,1,"3,2",,,,,,"signal lost, moved in burrow?",
200,AMAN,8/15/2018,2,x0877,"2,4,L",1,1,0,0,0,1,"2,2",34,62,1.08,,,,
201,AMAN,8/15/2018,2,x0838,"2,4,P4",1,1,0,0,0,1,"2,4",36,63,1.05,,,back left pitfall (standing on N end),
202,AMAN,8/15/2018,2,x0962,"2,8,B2",1,0,0,0,0,1,"2,8",,,,,,,
203,AMAN,8/15/2018,2,x0974,"2,8,B4",1,0,0,0,0,1,"2,8",,,,,,,
204,AMAN,8/15/2018,2,x0989,"2,5,L",1,1,0,0,0,1,"2,5",35,39,0.81,,,partial tail ,
205,AMAN,8/15/2018,2,x0911,"2,5,B6",1,0,0,0,0,1,"2,5",,,,,,,
206,AMAN,8/15/2018,2,x0938,"2,5,L",1,1,0,0,0,1,"2,5",36,61,1.06,,,,
207,AMAN,8/15/2018,2,x0818,"2,3,B1",1,0,0,0,0,1,"2,5",,,,,,,
208,AMAN,8/15/2018,2,x0947,"2,1,B4",1,0,0,0,0,1,"2,3",,,,,,moved deeper in burrow while searching?,
209,AMAN,8/15/2018,2,x0913,"2,1,L",1,1,0,0,0,1,"2,3",34,45,1.06,,,partial tail in process of regenerating,
210,AMAN,8/15/2018,2,x0085,"2,1,B5",0,0,0,0,0,0,"2,1",,,,,,,
211,AMAN,8/15/2018,2,x0832,"2,1,L",1,1,0,0,0,1,"2,1",37,58,1.06,,,,
212,AMAN,8/15/2018,2,x0919,"2,1,L",0,2,1,1,0,0,"2,1",NA,NA,NA,NA,NA,bare tag,
213,AMAN,8/15/2018,2,x0930,"2,1",1,0,0,0,0,1,"2,1",,,,,,,
214,AMAN,8/15/2018,2,x0833,"2,1,L",1,1,0,0,0,1,"2,1",39,77,1.51,,,,
215,AMAN,8/15/2018,2,x0084,"2,1,B2",1,1,0,0,0,1,"2,7",44,77,1.97,,,,
216,AMAN,8/15/2018,2,x0868,"1,6",0,0,0,0,0,0,"1,6",,,,,,,
217,AMAN,8/15/2018,2,x0944,"1,3,B6",0,0,0,0,0,0,"1,3",,,,,,,
218,AMAN,8/15/2018,2,x0987,"1,3,L",0,2,1,1,0,0,"1,3",NA,NA,NA,NA,NA,bare tag,
219,AMAN,8/15/2018,2,x0866,"1,5,B4",0,0,0,0,0,0,"1,5",,,,,,,
220,AMAN,8/15/2018,2,x0847,"1,5,B2",0,1,0,0,0,1,"1,5",,,,,,alive in burrow,
221,AMAN,8/15/2018,2,x0905,"4,1,B1",1,1,0,0,0,1,"4,1",32,50,0.91,,,alive in burrow; tail wound near cloaca; missing back left foot,
222,AMAN,8/15/2018,2,x0910,"4,1,B4",1,1,0,0,0,1,"4,1",,,,,,alive in burrow,
223,AMAN,8/15/2018,2,x0914,"4,1,B2",1,1,0,0,0,1,"4,1",,,,,,alive in burrow,
224,AMAN,8/15/2018,2,x0976,"4,2,CC",1,0,0,0,0,1,"4,2",,,,,,"signal lost while searching, moved deeper in burrow?",
225,AMAN,8/15/2018,2,x0937,"4,2,B5",0,0,0,0,0,0,"4,1",,,,,,,
226,AMAN,8/15/2018,2,x0961,"4,3,B1",0,0,0,0,0,0,"4,3",,,,,,"signal lost while searching, moved deeper in burrow?",
227,AMAN,8/15/2018,2,x0775,"4,3",0,0,0,0,0,0,"4,3",,,,,,,
228,AMAN,8/15/2018,2,x0885,"4,3,L",1,1,0,0,0,1,"4,3",38,59,1.4,,,,
229,AMAN,8/15/2018,2,x0836/x0970,"4,3,L",1,1,0,0,0,1,"4,3",41,71,1.82,,,found in dandilion; front left foot amputated,
230,AMAN,8/15/2018,2,x0087,"4,3,L",1,1,0,0,0,1,"4,3",54,93,4.13,,,,
231,AMAN,8/15/2018,2,x0952,"4,4,L",0,2,1,1,0,0,"4,4",NA,NA,NA,NA,NA,bare tag,
232,AMAN,8/15/2018,2,x0814,"4,4,L",1,2,1,1,0,0,"4,4",NA,NA,NA,NA,NA,bare tag,
233,AMAN,8/15/2018,2,x0988,"4,4,L",1,2,1,1,0,0,"4,4",NA,NA,NA,NA,NA,bare tag,
234,AMAN,8/15/2018,2,x0891,"4,2E,CC",1,0,0,0,0,1,"4,2",,,,,,"pen east of 4,2",
235,AMAN,8/16/2018,2,x0961,"4,3,B1",0,1,0,0,0,1,"4,3",,,,,,"alive in burrow, no recap",
236,AMAN,8/16/2018,2,x0775,"4,3",0,0,0,0,0,0,"4,3",,,,,,,
237,AMAN,8/16/2018,2,x0937,"4,2,B5",0,0,0,0,0,0,"4,1",,,,,,,
238,AMAN,8/16/2018,2,x0910,"4,1,B5",0,0,0,0,0,0,"4,1",,,,,,,
239,AMAN,8/16/2018,2,x0866,"1,5",0,0,0,0,0,0,"1,5",,,,,,,
240,AMAN,8/16/2018,2,x0847,"1,5,B2",0,0,0,0,0,0,"1,5",,,,,,,
241,AMAN,8/16/2018,2,x0944,"1,3,B6",0,0,0,0,0,0,"1,3",,,,,,,
242,AMAN,8/16/2018,2,x0868,"1,6",0,0,0,0,0,0,"1,6",,,,,,,
243,AMAN,8/16/2018,2,x0925,"1,4,P2",1,2,1,1,0,0,"1,4",NA,NA,NA,NA,NA,bare tag in pitfall,
244,AMAN,8/16/2018,2,x0807,"1,2,CC",0,0,0,0,0,0,"1,4",,,,,,,
245,AMAN,8/16/2018,2,x0812,"2,7,B2",1,1,0,0,0,1,"2,7",,,,,,"alive in burrow, no recap ",
246,AMAN,8/16/2018,2,x0911,"2,5,B6",0,0,0,0,0,0,"2,5",,,,,,,
247,AMAN,8/16/2018,2,x0818,"2,3,L",1,1,1,0,1,1,"2,5",NA,NA,NA,8:18,NA,fresh death; maybe eaten?,
248,AMAN,8/16/2018,2,x0947,"2,1,B1",0,0,0,0,0,0,"2,3",,,,,,,
249,AMAN,8/16/2018,2,x0826,"2,1,B4",1,1,0,0,0,1,"2,1",,,,,,alive in burrow; no recap,
250,AMAN,8/16/2018,2,x0085,"2,1,B5",0,0,0,0,0,0,"2,1",,,,,,,
251,AMAN,8/16/2018,2,x0930,"2,1",0,0,0,0,0,0,"2,1",,,,,,,
252,AMAN,8/16/2018,2,x0973,"2,8",1,0,0,0,0,1,"2,8",,,,,,signal pinged near P4,
253,AMAN,8/16/2018,2,x0810,"2,2,B4",0,0,0,0,0,0,"3,2",,,,,,,
254,AMAN,8/16/2018,2,x0860,"3,7,L",1,1,0,0,0,1,"3,7",39,71,1.41,12:19 (2 opt),,eating a worm! ,
255,AMAN,8/16/2018,2,x0884,"3,5",0,0,0,0,0,0,"3,5",,,,,,,
256,AMAN,8/16/2018,2,x0978,"3,3,B4",0,0,0,0,0,0,"3,3",,,,,,,
257,AMAN,8/16/2018,2,x0892,"3,3",0,1,0,0,0,1,"3,3",,,,,,,
258,AMAN,8/16/2018,2,x0848,"3,1,B4",0,0,0,0,0,0,"3,1",,,,,,alive in burrow; no recap,
259,AMAN,8/16/2018,2,x0920,"3,1,B6",0,0,0,0,0,0,"3,8",,,,,,,
260,AMAN,8/16/2018,2,x0960,"3,8,B6",0,0,0,0,0,0,"3,6",,,,,,,
261,AMAN,8/16/2018,2,x0998,"3,2,CC",0,0,0,0,0,0,"3,1",,,,,,,
262,AMAN,8/16/2018,2,"UNK1-3,5","3,5,P1",1,1,0,0,0,1,NA,42,80,1.62,12:25 (2 opt),,,
263,AMAN,8/16/2018,2,"UNK2-3,5","3,5,P2",1,1,0,0,0,1,NA,42,78,1.71,12:16 (2 opt),,,
264,AMAN,8/16/2018,2,"UNK-3,2","3,2,P3",1,1,0,0,0,1,NA,46,80,3.06,12:21 (2 opt),,,
265,AMAN,8/16/2018,2,x0891,"4,2E,CC",0,1,0,0,0,1,"4,2",,,,,,,
266,AMAN,8/17/2018,2,x0881,"2,7,L",NA,1,0,0,0,1,"2,8",33,42,0.9,,,partial tail,
267,AMAN,8/17/2018,2,x0973,"2,7,L",1,1,0,0,0,1,"2,8",41,68,1.13,,,,
268,AMAN,8/17/2018,2,x0933,"2,5,B6",1,0,0,0,0,1,,,,,,,,
269,AMAN,8/17/2018,2,x0085,"2,1,B5",0,0,0,0,0,0,"2,1",,,,,,,
270,AMAN,8/17/2018,2,x0886,"2,1",0,0,0,0,0,0,"2,1",,,,,,lost signal after 1 ping,
271,AMAN,8/17/2018,2,x0962,"2,8",0,0,0,0,0,0,"2,8",,,,,,,
272,AMAN,8/17/2018,2,x0974,"2,8",0,0,0,0,0,0,"2,8",,,,,,,
273,AMAN,8/17/2018,2,x0826,"2,2,P1",1,1,0,0,0,1,"2,1",42,73,2.2,,,"partial tail, regenerating",
274,AMAN,8/17/2018,2,x0979,"3,5,P1",1,1,0,0,0,1,"3,5",42,77,1.85,,,,
275,AMAN,8/17/2018,2,x0898,"3,5,P3",1,1,0,0,0,1,"3,5",38,66,1.22,,,,
276,AMAN,8/17/2018,2,x0924,"3,3,P1",1,1,0,0,0,1,"3,3",39,50,1.33,,,"partial tail, regenerating; back left foot missing",
277,AMAN,8/17/2018,2,x0978,"3,3,P4",1,1,1,0,1,1,"3,3",37,50,1.07,8:52,,fresh predation,
278,AMAN,8/17/2018,2,x0892,"3,1,P1",1,1,0,0,0,1,"3,3",42,61,1.55,,,,
279,AMAN,8/17/2018,2,x0097,"3,1,P3",1,2,1,1,0,0,"3,1",NA,NA,NA,NA,NA,bare tag,
280,AMAN,8/17/2018,2,x0094,"3,1,P4",1,1,0,0,0,1,"3,1",37,60,1.41,,,,
281,AMAN,8/17/2018,2,x0998,"3,2,CC",0,0,0,0,0,0,"3,1",,,,,,,
282,AMAN,8/17/2018,2,x0908,"3,4,P1",1,2,1,1,0,0,"3,6",NA,NA,NA,NA,NA,bare tag,
283,AMAN,8/17/2018,2,x0951,"3,6,L",1,1,0,0,0,1,"3,6",34,47,0.87,,,partial tail,
284,AMAN,8/17/2018,2,x0910,"4,1,B4",0,0,0,0,0,0,"4,1",,,,,,,
285,AMAN,8/17/2018,2,x0937,"4,2,B5",0,0,0,0,0,0,"4,1",,,,,,,
286,AMAN,8/17/2018,2,x0775,"4,3,",0,0,0,0,0,0,"4,3",,,,,,tag? ,
287,AMAN,8/17/2018,2,x0961,"4,3,P1",1,1,0,0,0,1,"4,3",47,80,2.4,,,,
288,AMAN,8/17/2018,2,x0891,"4,2E,P1",1,1,0,0,0,1,"4,2",42,44,1,,,"trespassing, partial tail",
289,AMAN,8/17/2018,2,x0868,"1,6",0,0,0,0,0,0,"1,6",,,,,,,
290,AMAN,8/17/2018,2,x0807,"1,2",0,0,0,0,0,0,"1,4",,,,,,,
291,AMAN,8/17/2018,2,x0944,"1,3,B6",0,0,0,0,0,0,"1,3",,,,,,,
292,AMAN,8/17/2018,2,x0847,"1,5,L",0,2,1,1,0,0,"1,5",NA,NA,NA,NA,NA,bare tag,
293,AMAN,8/17/2018,2,x0866,"1,5,B4",0,0,0,0,0,0,"1,5",,,,,,,
294,AMAN,8/17/2018,2,x0846,"1,5,P1",0,2,1,1,0,0,"1,5",NA,NA,NA,NA,NA,bare tag,
295,AMAN,8/29/2018,3,x0813,"4,1,B4",0,0,0,0,0,0,"4,1",,,,,,,
296,AMAN,8/29/2018,3,x0967,"4,2,CC",0,0,0,0,0,0,"4,2",,,,,,,
297,AMAN,8/29/2018,3,x0775,"4,3,CC",0,0,0,0,0,0,"4,3",,,,,,,
298,AMAN,8/29/2018,3,x0918,"4,4,B2",0,0,0,0,0,0,"4,4",,,,,,bare tag? -- Update: bare tag found 08/30/2018,
299,AMAN,8/29/2018,3,x0944,"1,3,B6",0,0,0,0,0,0,"1,3",,,,,,,
300,AMAN,8/29/2018,3,x0866,"1,5,B4",0,0,0,0,0,0,"1,5",,,,,,,
301,AMAN,8/29/2018,3,x0868,"1,6",0,0,0,0,0,0,"1,6",,,,,,,
302,AMAN,8/29/2018,3,x0807,"1,4",0,0,0,0,0,0,"1,4",,,,,,,
303,AMAN,8/29/2018,3,x0085,"2,1,B5",0,0,0,0,0,0,"2,1",,,,,,,
304,AMAN,8/29/2018,3,x0956,"2,1,B3",0,1,0,0,0,1,"2,3",,,,,,,
305,AMAN,8/29/2018,3,x0933,"2,5,L",1,2,1,1,0,0,,NA,NA,NA,NA,NA,bare tag,
306,AMAN,8/29/2018,3,x0816,"2,5,L",1,2,1,1,0,0,"2,5",NA,NA,NA,NA,NA,bare tag; written down as 818 but actually 816?,
307,AMAN,8/29/2018,3,x0871,"2,6,CC",0,0,0,0,0,1,"2,6",,,,,,,
308,AMAN,8/29/2018,3,x0942,"3,1,P4",1,1,0,0,0,1,"3,2",41,58,2.06,,,partial tail,
309,AMAN,8/29/2018,3,x0884,"3,5",0,0,0,0,0,0,"3,5",,,,,,,
310,AMAN,8/29/2018,3,x0920,"3,8,B6",0,0,0,0,0,0,"3,8",,,,,,,
311,AMAN,8/29/2018,3,x0960,"3,6,B5",0,0,0,0,0,0,"3,6",,,,,,,
312,AMAN,8/29/2018,3,x0945,"3,2,L",1,1,0,0,0,1,"3,2",36,65,1.5,,,,
313,AMAN,8/29/2018,3,x0998,"3,2,CC",0,0,0,0,0,0,"3,1",,,,,,,
314,AMAN,8/29/2018,3,x0081,"2,4,P2",1,1,0,0,0,1,"2,4",31,57,0.55,,,,
315,AMAN,8/30/2018,3,x0998,"3,2,CC",0,0,0,0,0,0,"3,1",,,,,,,
316,AMAN,8/30/2018,3,x0863,"3,4,P3",1,2,1,1,0,0,"3,4",NA,NA,NA,NA,NA,bare tag in pitfall,
317,AMAN,8/30/2018,3,x0099,"3,4,P4",1,2,1,1,0,0,"3,4",NA,NA,NA,NA,NA,bare tag in pitfall ,
318,AMAN,8/30/2018,3,x0943,"3,6,B4",0,0,0,0,0,1,"3,6",,,,,,,
319,AMAN,8/30/2018,3,x0960,"3,6,B5",0,0,0,0,0,0,"3,6",,,,,,,
320,AMAN,8/30/2018,3,x0920,"3,8,B6",0,0,0,0,0,0,"3,8",,,,,,,
321,AMAN,8/30/2018,3,x0884,"3,5,L",0,2,1,1,0,0,"3,5",NA,NA,NA,NA,NA,bare tag on soil surface,
322,AMAN,8/30/2018,3,x0828,"3,1,P3",1,2,1,1,0,0,"3,1",NA,NA,NA,NA,NA,bare tag in pitfall,
323,AMAN,8/30/2018,3,x0871,"2,6",0,0,0,0,0,0,"2,6",,,,,,same animal as 0935?,
324,AMAN,8/30/2018,3,x0935,"2,6",0,0,0,0,0,1,"2,6",,,,,,same animal as 0871?,
325,AMAN,8/30/2018,3,x0085,"2,1,B5",0,0,0,0,0,0,"2,1",,,,,,,
326,AMAN,8/30/2018,3,x0956,"2,1,B2",1,0,0,0,0,1,"2,3",,,,,,,
327,AMAN,8/30/2018,3,x0807,"1,4",0,0,0,0,0,0,"1,4",,,,,,,
328,AMAN,8/30/2018,3,x0868,"1,6",0,0,0,0,0,0,"1,6",,,,,,,
329,AMAN,8/30/2018,3,x0866,"1,5,B4",0,0,0,0,0,0,"1,5",,,,,,,
330,AMAN,8/30/2018,3,x0944,"1,3,B6",0,0,0,0,0,0,"1,3",,,,,,,
331,AMAN,8/30/2018,3,x0918,"4,4,B2",0,2,0,0,0,0,"4,4",,,,,,bare tag on soil surface,
332,AMAN,8/30/2018,3,x0775,"4,3,L",0,0,0,0,0,0,"4,3",,,,,,,
333,AMAN,8/30/2018,3,x0967,"4,2,CC",0,0,0,0,0,0,"4,2",,,,,,,
334,AMAN,8/30/2018,3,x0924,"3,3,P3",1,1,0,0,0,1,"3,3",37,56,1.42,,,regenerating tail,
335,AMAN,8/30/2018,3,x0092,"3,8,P2",1,1,0,0,0,1,"3,7",43,72,1.62,,,,
336,AMAN,8/31/2018,3,x0956,"2,1,B2",0,0,0,0,0,0,"2,3",,,,,,,
337,AMAN,8/31/2018,3,x0949,"2,1,P1",1,2,1,1,0,0,"2,3",NA,NA,NA,NA,NA,bare tag in pitfall,
338,AMAN,8/31/2018,3,x0085,"2,1,B5",0,0,0,0,0,0,"2,1",,,,,,,
339,AMAN,8/31/2018,3,x0935,"2,6,B6",0,0,0,0,0,0,"2,6",,,,,,,
340,AMAN,8/31/2018,3,x0920,"3,8,B6",0,0,0,0,0,0,"3,8",,,,,,,
341,AMAN,8/31/2018,3,x0960,"3,6,B5",0,0,0,0,0,0,"3,6",,,,,,,
342,AMAN,8/31/2018,3,x0943,"3,6,B4",0,0,0,0,0,0,"3,6",,,,,,,
343,AMAN,8/31/2018,3,x0998,"3,2,CC",0,0,0,0,0,0,"3,1",,,,,,,
344,AMAN,8/31/2018,3,x0822,"3,2,CC",0,0,0,0,0,0,"3,2",,,,,,moved vertically? First re-detection since recap period 1,
345,AMAN,8/31/2018,3,x0804/x0923,"4,1,L",1,1,0,0,0,1,"4,1",43,78,2.02,,,double tag animal. Combine previous detections. ,
346,AMAN,8/31/2018,3,x0967,"4,2,CC",0,0,0,0,0,0,"4,2",,,,,,,
347,AMAN,8/31/2018,3,x0937,"4,2,B5",0,0,0,0,0,0,"4,1",,,,,,,
348,AMAN,8/31/2018,3,x0775,"4,3",0,0,0,0,0,0,"4,3",,,,,,,
349,AMAN,8/31/2018,3,x0868,"1,6",0,0,0,0,0,0,"1,6",,,,,,,
350,AMAN,8/31/2018,3,x0866,"1,5",0,0,0,0,0,0,"1,5",,,,,,,
351,AMAN,8/31/2018,3,x0807,"1,4",0,0,0,0,0,0,"1,4",,,,,,,
352,AMAN,8/31/2018,3,x0944,"1,3",0,0,0,0,0,0,"1,3",,,,,,,
353,AMAN,9/12/2018,4,x0813,"4,1,B1",1,1,0,0,0,1,"4,1",42,73,2.5,,,,
354,AMAN,9/12/2018,4,x0982,"4,1,B4",1,0,0,0,0,1,"4,1",,,,,,lost while searching,
355,AMAN,9/12/2018,4,x0967,"4,2,CC",0,0,0,0,0,0,"4,2",,,,,,,
356,AMAN,9/12/2018,4,x0937,"4,2,B5",0,0,0,0,0,0,"4,1",,,,,,,
357,AMAN,9/12/2018,4,x0775,"4,3",0,0,0,0,0,0,"4,3",,,,,,,
358,AMAN,9/12/2018,4,x0868,"1,6",0,0,0,0,0,0,"1,6",,,,,,,
359,AMAN,9/12/2018,4,x0807,"1,4,CC",0,0,0,0,0,0,"1,4",,,,,,,
360,AMAN,9/12/2018,4,x0944,"1,3",0,0,0,0,0,0,"1,3",,,,,,,
361,AMAN,9/12/2018,4,x0866,"1,5,B4",0,0,0,0,0,0,"1,5",,,,,,,
362,AMAN,9/12/2018,4,x0956,"2,1,B1",0,0,0,0,0,0,"2,3",,,,,,,
363,AMAN,9/12/2018,4,x0085,"2,1,B5",0,0,0,0,0,0,"2,1",,,,,,tag?,
364,AMAN,9/12/2018,4,x0081,"2,4,CC",1,0,0,0,0,1,"2,4",,,,,,,
365,AMAN,9/12/2018,4,x0935,"2,6",0,0,0,0,0,0,"2,6",,,,,,,
366,AMAN,9/12/2018,4,x0871,"2,6",0,0,0,0,0,0,"2,6",,,,,,,
367,AMAN,9/12/2018,4,x0924,"3,1,B1",1,0,0,0,0,1,"3,3",,,,,,"lost signal while searching, animal moved deeper in burrow?",
368,AMAN,9/12/2018,4,x0822,"3,2,CC",0,0,0,0,0,0,"3,2",,,,,,,
369,AMAN,9/12/2018,4,x0998,"3,2,CC",0,0,0,0,0,0,"3,1",,,,,,,
370,AMAN,9/12/2018,4,x0960,"3,6,B5",0,0,0,0,0,0,"3,6",,,,,,,
371,AMAN,9/12/2018,4,x0943,"3,6,B4",0,0,0,0,0,0,"3,6",,,,,,,
372,AMAN,9/12/2018,4,x0920,"3,8,B6",0,0,0,0,0,0,"3,8",,,,,,,
373,AMAN,9/13/2018,4,x0920,"3,8,B6",0,0,0,0,0,0,"3,8",,,,,,,
374,AMAN,9/13/2018,4,x0092,"3,6,B3",NA,0,0,0,0,0,"3,7",,,,,,,
375,AMAN,9/13/2018,4,x0960,"3,6,B5",0,0,0,0,0,0,"3,6",,,,,,,
376,AMAN,9/13/2018,4,x0943,"3,6,B4",0,0,0,0,0,0,"3,6",,,,,,,
377,AMAN,9/13/2018,4,x0822,"3,2,CC",0,0,0,0,0,0,"3,2",,,,,,,
378,AMAN,9/13/2018,4,x0998,"3,2,CC",0,0,0,0,0,0,"3,1",,,,,,,
379,AMAN,9/13/2018,4,x0935,"2,6",0,0,0,0,0,0,"2,6",,,,,,,
380,AMAN,9/13/2018,4,x0871,"2,6",0,0,0,0,0,0,"2,6",,,,,,,
381,AMAN,9/13/2018,4,x0841,"2,4,CC",1,0,0,0,0,1,"2,4",,,,,,,
382,AMAN,9/13/2018,4,x0081,"2,4,CC",0,0,0,0,0,0,"2,4",,,,,,,
383,AMAN,9/13/2018,4,x0956,"2,1,B5",1,0,0,0,0,1,"2,3",,,,,,,
384,AMAN,9/13/2018,4,x0085,"2,1,B5",0,0,0,0,0,0,"2,1",,,,,,,
385,AMAN,9/13/2018,4,x0866,"2,5,B4",0,0,0,0,0,0,"1,5",,,,,,,
386,AMAN,9/13/2018,4,x0944,"1,3",0,0,0,0,0,0,"1,3",,,,,,,
387,AMAN,9/13/2018,4,x0807,"1,4",0,0,0,0,0,0,"1,4",,,,,,,
388,AMAN,9/13/2018,4,x0868,"1,6",0,0,0,0,0,0,"1,6",,,,,,,
389,AMAN,9/13/2018,4,x0775,"4,3",0,0,0,0,0,0,"4,3",,,,,,,
390,AMAN,9/13/2018,4,x0967,"4,2",0,0,0,0,0,0,"4,2",,,,,,,
391,AMAN,9/14/2018,4,x0944,"1,3,B6",0,0,0,0,0,0,"1,3",,,,,,,
392,AMAN,9/14/2018,4,x0866,"1,5,B4",0,0,0,0,0,0,"1,5",,,,,,,
393,AMAN,9/14/2018,4,x0868,"1,6",0,0,0,0,0,0,"1,6",,,,,,,
394,AMAN,9/14/2018,4,x0807,"1,4",0,0,0,0,0,0,"1,4",,,,,,,
395,AMAN,9/14/2018,4,x0085,"2,1,B5",0,0,0,0,0,0,"2,1",,,,,,,
396,AMAN,9/14/2018,4,x0956,"2,1,B5",0,0,0,0,0,0,"2,3",,,,,,,
397,AMAN,9/14/2018,4,x0935,"2,6",0,0,0,0,0,0,"2,6",,,,,,,
398,AMAN,9/14/2018,4,x0971,"2,6",0,0,0,0,0,0,"2,8",,,,,,,
399,AMAN,9/14/2018,4,x0841,"2,4,CC",0,0,0,0,0,0,"2,4",,,,,,,
400,AMAN,9/14/2018,4,x0081,"2,4,CC",0,0,0,0,0,0,"2,4",,,,,,,
401,AMAN,9/14/2018,4,x0920,"3,8,B6",0,0,0,0,0,0,"3,8",,,,,,,
402,AMAN,9/14/2018,4,x0943,"3,6,B4",0,0,0,0,0,0,"3,6",,,,,,,
403,AMAN,9/14/2018,4,x0960,"3,6,B5",0,0,0,0,0,0,"3,6",,,,,,,
404,AMAN,9/14/2018,4,x0822,"3,2,CC",0,0,0,0,0,0,"3,2",,,,,,,
405,AMAN,9/14/2018,4,x0998,"3,2,CC",0,0,0,0,0,0,"3,1",,,,,,,
406,AMAN,9/14/2018,4,x0991,"3,2,CC",1,0,0,0,0,1,"3,2",,,,,,,
407,AMAN,9/14/2018,4,x0775,"4,3",0,0,0,0,0,0,"4,3",,,,,,,
408,AMAN,9/14/2018,4,x0967,"4,2",0,0,0,0,0,0,"4,2",,,,,,,
409,AMAN,9/14/2018,4,x0945,"1,1,P4",1,0,0,0,0,1,"3,2",41,71,2.08,,,trespass,
410,AMAN,9/26/2018,5,x0991,"3,2,CC",0,0,0,0,0,0,"3,2",,,,,,,
411,AMAN,9/26/2018,5,x0822,"3,2,CC",0,0,0,0,0,0,"3,2",,,,,,,
412,AMAN,9/26/2018,5,x0998,"3,2,CC",0,0,0,0,0,0,"3,1",,,,,,,
413,AMAN,9/26/2018,5,x0092,"3,6,CC",1,1,0,0,0,1,"3,7",,,,,,"alive in clay crack, saw tail but no recapture",
414,AMAN,9/26/2018,5,x0920,"3,8,B6",0,0,0,0,0,0,"3,8",,,,,,,
415,AMAN,9/26/2018,5,x0935,"2,6",0,0,0,0,0,0,"2,6",,,,,,,
416,AMAN,9/26/2018,5,x0871,"2,6",0,0,0,0,0,0,"2,6",,,,,,,
417,AMAN,9/26/2018,5,x0841,"2,4,CC",0,0,0,0,0,0,"2,4",,,,,,,
418,AMAN,9/26/2018,5,x0081,"2,4,CC",0,0,0,0,0,0,"2,4",,,,,,,
419,AMAN,9/26/2018,5,x0956,"2,1,L",1,1,0,0,0,1,"2,3",52,93,3.86,,9/28/2018,,
420,AMAN,9/26/2018,5,x0868,"2,1,B5",0,0,0,0,0,0,"1,6",,,,,,,
421,AMAN,9/26/2018,5,x0807,"1,6",0,0,0,0,0,0,"1,4",,,,,,,
422,AMAN,9/26/2018,5,x0944,"1,3",0,0,0,0,0,0,"1,3",,,,,,,
423,AMAN,9/26/2018,5,x0866,"1,5",0,0,0,0,0,0,"1,5",,,,,,,
424,AMAN,9/26/2018,5,x0775,"4,3",0,0,0,0,0,0,"4,3",,,,,,,
425,AMAN,9/26/2018,5,x0967,"4,2",0,0,0,0,0,0,"4,2",,,,,,,
426,AMAN,9/27/2018,5,x0967,"4,2,CC",0,0,0,0,0,0,"4,2",,,,,,,
427,AMAN,9/27/2018,5,x0937,"4,2,B5",0,0,0,0,0,0,"4,1",,,,,,,
428,AMAN,9/27/2018,5,x0775,"4,2",0,0,0,0,0,0,"4,3",,,,,,,
429,AMAN,9/27/2018,5,x0868,"1,6",0,0,0,0,0,0,"1,6",,,,,,,
430,AMAN,9/27/2018,5,x0807,"1,4",0,0,0,0,0,0,"1,4",,,,,,,
431,AMAN,9/27/2018,5,x0944,"1,3",0,0,0,0,0,0,"1,3",,,,,,,
432,AMAN,9/27/2018,5,x0866,"1,5",0,0,0,0,0,0,"1,5",,,,,,,
433,AMAN,9/27/2018,5,x0871,"2,6",0,0,0,0,0,0,"2,6",,,,,,,
434,AMAN,9/27/2018,5,x0841,"2,4,CC",0,0,0,0,0,0,"2,4",,,,,,,
435,AMAN,9/27/2018,5,x0081,"2,4,CC",0,0,0,0,0,0,"2,4",,,,,,,
436,AMAN,9/27/2018,5,x0085,"2,1,B5",0,0,0,0,0,0,"2,1",,,,,,,
437,AMAN,9/27/2018,5,x0920,"3,8,B6",0,0,0,0,0,0,"3,8",,,,,,,
438,AMAN,9/27/2018,5,x0092,"3,6,B4",0,0,0,0,0,0,"3,7",,,,,,,
439,AMAN,9/27/2018,5,x0865,"3,6,CC",1,0,0,0,0,1,"3,8",,,,,,"signal moving while searching, moving through clay crack, no visual",
440,AMAN,9/27/2018,5,x0943,"3,6,B4",0,0,0,0,0,0,"3,6",,,,,,,
441,AMAN,9/27/2018,5,x0960,"3,6,B5",0,0,0,0,0,0,"3,6",,,,,,,
442,AMAN,9/27/2018,5,x0941,"3,4,B3",0,0,0,0,0,0,"3,4",,,,,,,
443,AMAN,9/27/2018,5,x0822,"3,2,CC",0,0,0,0,0,0,"3,2",,,,,,,
444,AMAN,9/27/2018,5,x0998,"3,2,CC",0,0,0,0,0,0,"3,1",,,,,,,
445,AMAN,9/27/2018,5,x0991,"3,2,CC",0,0,0,0,0,0,"3,2",,,,,,,
446,AMAN,9/28/2018,5,x0866,"1,5,B4",0,0,0,0,0,0,"1,5",,,,,,,
447,AMAN,9/28/2018,5,x0944,"1,3",0,0,0,0,0,0,"1,3",,,,,,,
448,AMAN,9/28/2018,5,x0807,"1,4,CC",0,0,0,0,0,0,"1,4",,,,,,,
449,AMAN,9/28/2018,5,x0868,"1,6,CC",0,0,0,0,0,0,"1,6",,,,,,,
450,AMAN,9/28/2018,5,x0085,"2,1,B5",0,0,0,0,0,0,"2,1",,,,,,,
451,AMAN,9/28/2018,5,x0081,"2,4,CC",0,0,0,0,0,0,"2,4",,,,,,,
452,AMAN,9/28/2018,5,x0841,"2,4,CC",0,0,0,0,0,0,"2,4",,,,,,,
453,AMAN,9/28/2018,5,x0871,"2,6",0,0,0,0,0,0,"2,6",,,,,,,
454,AMAN,9/28/2018,5,x0991,"3,2,CC",0,0,0,0,0,0,"3,2",,,,,,,
455,AMAN,9/28/2018,5,x0998,"3,2,CC",0,0,0,0,0,0,"3,1",,,,,,,
456,AMAN,9/28/2018,5,x0822,"3,2,CC",0,0,0,0,0,0,"3,2",,,,,,,
457,AMAN,9/28/2018,5,x0865,"3,6,CC",0,0,0,0,0,0,"3,8",,,,,,,
458,AMAN,9/28/2018,5,x0960,"3,6,B5",0,0,0,0,0,0,"3,6",,,,,,,
459,AMAN,9/28/2018,5,x0943,"3,6,B4",0,0,0,0,0,0,"3,6",,,,,,,
460,AMAN,9/28/2018,5,x0920,"3,8,B6",0,0,0,0,0,0,"3,8",,,,,,,
461,AMAN,9/28/2018,5,x0967,"4,2",0,0,0,0,0,0,"4,2",,,,,,,
462,AMAN,10/8/2018,6,x0865,"3,6,P1",1,1,0,0,0,1,"3,8",51,91,3.66,,,,
463,AMAN,10/8/2018,6,x0991,"3,2,CC",0,0,0,0,0,0,"3,2",,,,,,,
464,AMAN,10/8/2018,6,x0822,"3,2,CC",0,0,0,0,0,0,"3,2",,,,,,,
465,AMAN,10/8/2018,6,x0998,"3,2,CC",0,0,0,0,0,0,"3,1",,,,,,,
466,AMAN,10/8/2018,6,x0941,"3,4,B3",0,0,0,0,0,0,"3,4",,,,,,,
467,AMAN,10/8/2018,6,x0092,"3,6,CC",1,1,0,0,0,1,"3,7",53,95,4.33,,,,
468,AMAN,10/8/2018,6,x0943,"3,6,B4",0,0,0,0,0,0,"3,6",,,,,,,
469,AMAN,10/8/2018,6,x0960,"3,6,B5",0,0,0,0,0,0,"3,6",,,,,,,
470,AMAN,10/8/2018,6,x0920,"3,8,B6",0,0,0,0,0,0,"3,8",,,,,,,
471,AMAN,10/8/2018,6,x0871,"2,6",0,0,0,0,0,0,"2,6",,,,,,,
472,AMAN,10/8/2018,6,x0841,"2,4",0,0,0,0,0,0,"2,4",,,,,,"may have moved, signal bouncing since it was near fence",
473,AMAN,10/8/2018,6,x0081,"2,4,CC",0,0,0,0,0,0,"2,4",,,,,,,
474,AMAN,10/8/2018,6,x0956,"2,1,L",1,1,0,0,0,1,"2,3",53,98,4.35,,,salamander molting in container while in lab,
475,AMAN,10/8/2018,6,x0085,"2,1,B5",0,0,0,0,0,0,"2,1",,,,,,,
476,AMAN,10/8/2018,6,x0868,"1,6",0,0,0,0,0,0,"1,6",,,,,,,
477,AMAN,10/8/2018,6,x0807,"1,4",0,0,0,0,0,0,"1,4",,,,,,,
478,AMAN,10/8/2018,6,x0944,"1,3",0,0,0,0,0,0,"1,3",,,,,,,
479,AMAN,10/8/2018,6,x0866,"1,5,B4",0,0,0,0,0,0,"1,5",,,,,,,
480,AMAN,10/8/2018,6,x0967,"4,2",0,0,0,0,0,0,"4,2",,,,,,,
481,AMAN,10/8/2018,6,x0937,"4,2,B5",0,0,0,0,0,0,"4,1",,,,,,,
482,AMAN,10/8/2018,6,x0775,"4,3",0,0,0,0,0,0,"4,3",,,,,,,
483,AMAN,10/9/2018,6,x0866,"1,5,B4",0,0,0,0,0,0,"1,5",,,,,,,
484,AMAN,10/9/2018,6,x0944,"1,3",0,0,0,0,0,0,"1,3",,,,,,,
485,AMAN,10/9/2018,6,x0807,"1,4",0,0,0,0,0,0,"1,4",,,,,,,
486,AMAN,10/9/2018,6,x0868,"1,6",0,0,0,0,0,0,"1,6",,,,,,,
487,AMAN,10/9/2018,6,x0085,"2,1,B5",0,0,0,0,0,0,"2,1",,,,,,,
488,AMAN,10/9/2018,6,x0841,"2,4,CC",0,0,0,0,0,0,"2,4",,,,,,,
489,AMAN,10/9/2018,6,x0081,"2,4,CC",0,0,0,0,0,0,"2,4",,,,,,,
490,AMAN,10/9/2018,6,x0871,"2,6",0,0,0,0,0,0,"2,6",,,,,,,
491,AMAN,10/9/2018,6,x0822,"3,2,CC",0,0,0,0,0,0,"3,2",,,,,,,
492,AMAN,10/9/2018,6,x0998,"3,2,CC",0,0,0,0,0,0,"3,1",,,,,,,
493,AMAN,10/9/2018,6,x0991,"3,2,CC",0,0,0,0,0,0,"3,2",,,,,,,
494,AMAN,10/9/2018,6,x0943,"3,6,B4",0,0,0,0,0,0,"3,6",,,,,,,
495,AMAN,10/9/2018,6,x0960,"3,6,B5",0,0,0,0,0,0,"3,6",,,,,,,
496,AMAN,10/9/2018,6,x0920,"3,8,B6",0,0,0,0,0,0,"3,8",,,,,,,
497,AMAN,10/9/2018,6,x0967,"4,2,CC",0,0,0,0,0,0,"4,2",,,,,,,
498,AMAN,10/9/2018,6,x0937,"4,2,B5",0,0,0,0,0,0,"4,1",,,,,,,
499,AMAN,10/9/2018,6,x0775,"4,3,CC",0,0,0,0,0,0,"4,3",,,,,,,
500,AMAN,10/9/2018,6,x0924,"3,1,P1",1,1,0,0,0,1,"3,3",47,76,2.88,,,tail is regenerating,
501,AMAN,10/9/2018,6,x0813,"3,6,P2",1,1,0,0,0,1,"4,1",46,85,2.88,,,,
502,AMAN,10/10/2018,6,x0822,"3,2,CC",0,0,0,0,0,0,"3,2",,,,,,,
503,AMAN,10/10/2018,6,x0998,"3,2,CC",0,0,0,0,0,0,"3,1",,,,,,,
504,AMAN,10/10/2018,6,x0991,"3,2,CC",0,0,0,0,0,0,"3,2",,,,,,,
505,AMAN,10/10/2018,6,x0920,"3,8,B6",0,0,0,0,0,0,"3,8",,,,,,,
506,AMAN,10/10/2018,6,x0960,"3,6,B5",0,0,0,0,0,0,"3,6",,,,,,,
507,AMAN,10/10/2018,6,x0943,"3,6,B4",0,0,0,0,0,0,"3,6",,,,,,,
508,AMAN,10/10/2018,6,x0871,"2,6",0,0,0,0,0,0,"2,6",,,,,,,
509,AMAN,10/10/2018,6,x0081,"2,4,CC",0,0,0,0,0,0,"2,4",,,,,,,
510,AMAN,10/10/2018,6,x0841,"2,4,CC",0,0,0,0,0,0,"2,4",,,,,,possible move? Signal hard to pinpoint since near fence wall,
511,AMAN,10/10/2018,6,x0085,"2,1,B5",0,0,0,0,0,0,"2,1",,,,,,,
512,AMAN,10/10/2018,6,x0868,"1,6,CC",0,0,0,0,0,0,"1,6",,,,,,,
513,AMAN,10/10/2018,6,x0807,"1,4,CC",0,0,0,0,0,0,"1,4",,,,,,,
514,AMAN,10/10/2018,6,x0944,"1,3",0,0,0,0,0,0,"1,3",,,,,,,
515,AMAN,10/10/2018,6,x0866,"1,5",0,0,0,0,0,0,"1,5",,,,,,,
516,AMAN,10/10/2018,6,x0775,"4,3",0,0,0,0,0,0,"4,3",,,,,,,
517,AMAN,10/10/2018,6,x0937,"4,2,B5",0,0,0,0,0,0,"4,1",,,,,,,
518,AMAN,10/10/2018,6,x0967,"4,2,CC",0,0,0,0,0,0,"4,2",,,,,,,
519,AMAN,10/10/2018,6,x0804/x0923,"4,1,P3",1,1,0,0,0,1,"4,1",53,101,4.32,,,,
520,AMAN,10/24/2018,7,x0866,"1,5,B4",0,0,0,0,0,0,"1,5",,,,,,,
521,AMAN,10/24/2018,7,x0944,"1,3",0,0,0,0,0,0,"1,3",,,,,,,
522,AMAN,10/24/2018,7,x0807,"1,4",0,0,0,0,0,0,"1,4",,,,,,,
523,AMAN,10/24/2018,7,x0868,"1,6",0,0,0,0,0,0,"1,6",,,,,,,
524,AMAN,10/24/2018,7,x0085,"2,1,B5",0,0,0,0,0,0,"2,1",,,,,,,
525,AMAN,10/24/2018,7,x0081,"2,4,CC",0,0,0,0,0,0,"2,4",,,,,,,
526,AMAN,10/24/2018,7,x0841,"2,4,CC",0,0,0,0,0,0,"2,4",,,,,,,
527,AMAN,10/24/2018,7,x0871,"2,6",0,0,0,0,0,0,"2,6",,,,,,,
528,AMAN,10/24/2018,7,x0924,"3,3,B4",1,0,0,0,0,1,"3,3",,,,,,"likely in burrow, no visual",
529,AMAN,10/24/2018,7,x0991,"3,2,CC",0,0,0,0,0,0,"3,2",,,,,,,
530,AMAN,10/24/2018,7,x0998,"3,2,CC",0,0,0,0,0,0,"3,1",,,,,,,
531,AMAN,10/24/2018,7,x0822,"3,2,CC",0,0,0,0,0,0,"3,2",,,,,,,
532,AMAN,10/24/2018,7,x0943,"3,6,B4",0,0,0,0,0,0,"3,6",,,,,,,
533,AMAN,10/24/2018,7,x0960,"3,6,B5",0,0,0,0,0,0,"3,6",,,,,,,
534,AMAN,10/24/2018,7,x0920,"3,8,B6",0,0,0,0,0,0,"3,8",,,,,,,
535,AMAN,10/24/2018,7,x0967,"4,2",0,0,0,0,0,0,"4,2",,,,,,,
536,AMAN,10/24/2018,7,x0937,"4,2",0,0,0,0,0,0,"4,1",,,,,,,
537,AMAN,10/24/2018,7,x0775,"4,3",0,0,0,0,0,0,"4,3",,,,,,,
538,AMAN,10/25/2018,7,x0991,"3,2,CC",0,0,0,0,0,0,"3,2",,,,,,,
539,AMAN,10/25/2018,7,x0822,"3,2,CC",0,0,0,0,0,0,"3,2",,,,,,,
540,AMAN,10/25/2018,7,x0998,"3,2,CC",0,0,0,0,0,0,"3,1",,,,,,,
541,AMAN,10/25/2018,7,x0943,"3,6,B4",0,0,0,0,0,0,"3,6",,,,,,,
542,AMAN,10/25/2018,7,x0960,"3,6,B5",0,0,0,0,0,0,"3,6",,,,,,,
543,AMAN,10/25/2018,7,x0920,"3,8,B6",0,0,0,0,0,0,"3,8",,,,,,,
544,AMAN,10/25/2018,7,x0956,"2,6",1,0,0,0,0,1,"2,3",,,,,,,
545,AMAN,10/25/2018,7,x0871,"2,6",0,0,0,0,0,0,"2,6",,,,,,,
546,AMAN,10/25/2018,7,x0841,"2,4",0,0,0,0,0,0,"2,4",,,,,,,
547,AMAN,10/25/2018,7,x0081,"2,4,CC",0,0,0,0,0,0,"2,4",,,,,,,
548,AMAN,10/25/2018,7,x0085,"2,1,B5",0,0,0,0,0,0,"2,1",,,,,,,
549,AMAN,10/25/2018,7,x0868,"1,6",0,0,0,0,0,0,"1,6",,,,,,,
550,AMAN,10/25/2018,7,x0866,"1,5,B4",0,0,0,0,0,0,"1,5",,,,,,,
551,AMAN,10/25/2018,7,x0944,"1,3",0,0,0,0,0,0,"1,3",,,,,,,
552,AMAN,10/25/2018,7,x0807,"1,4",0,0,0,0,0,0,"1,4",,,,,,,
553,AMAN,10/25/2018,7,x0775,"4,3",0,0,0,0,0,0,"4,3",,,,,,,
554,AMAN,10/25/2018,7,x0967,"4,2,CC",0,0,0,0,0,0,"4,2",,,,,,,
555,AMAN,10/25/2018,7,x0937,"4,2,B5",0,0,0,0,0,0,"4,1",,,,,,,
556,AMAN,10/26/2018,7,x0924,"3,3,P4",1,1,0,0,0,1,"3,3",53,80,3.36,,,regenerating tail,
557,AMAN,10/26/2018,7,x0092,"3,7,P4",1,1,0,0,0,1,"3,7",56,106,4.15,,,,
558,AMAN,10/26/2018,7,x0956,"2,6,P1",1,1,0,0,0,1,"2,3",57,119,4.46,,,,
559,AMAN,10/26/2018,7,x0813,"4,1,P1",1,1,0,0,0,1,"4,1",51,93,3.23,,,,
560,AMAN,10/26/2018,7,x0967,"4,2",0,0,0,0,0,0,"4,2",,,,,,,
561,AMAN,10/26/2018,7,x0937,"4,2,B5",0,2,1,1,0,0,"4,1",NA,NA,NA,NA,NA,Bare tag in burrow,
562,AMAN,10/26/2018,7,x0775,"4,3,CC",0,0,0,0,0,0,"4,3",,,,,,moved about 10cm? Hard to tell with fence. ,
563,AMAN,10/26/2018,7,x0944,"1,3",0,0,0,0,0,0,"1,3",,,,,,,
564,AMAN,10/26/2018,7,x0807,"1,4,CC",0,0,0,0,0,0,"1,4",,,,,,,
565,AMAN,10/26/2018,7,x0868,"1,6",0,0,0,0,0,0,"1,6",,,,,,,
566,AMAN,10/26/2018,7,x0085,"2,1,B5",0,0,0,0,0,0,"2,1",,,,,,,
567,AMAN,10/26/2018,7,x0081,"2,4,CC",0,0,0,0,0,0,"2,4",,,,,,,
568,AMAN,10/26/2018,7,x0841,"2,4,CC",1,0,0,0,0,1,"2,4",,,,,,moved about 15 cm along the fence,
569,AMAN,10/26/2018,7,x0871,"2,6",0,0,0,0,0,0,"2,6",,,,,,,
570,AMAN,10/26/2018,7,x0991,"3,2,CC",0,0,0,0,0,0,"3,2",,,,,,,
571,AMAN,10/26/2018,7,x0998,"3,2,CC",0,0,0,0,0,0,"3,1",,,,,,,
572,AMAN,10/26/2018,7,x0822,"3,2,CC",0,0,0,0,0,0,"3,2",,,,,,,
573,AMAN,10/26/2018,7,x0943,"3,6,B4",0,0,0,0,0,0,"3,6",,,,,,,
574,AMAN,10/26/2018,7,x0960,"3,6,B5",0,0,0,0,0,0,"3,6",,,,,,,
575,AMAN,10/26/2018,7,x0920,"3,8,B6",0,2,1,1,0,0,"3,8",NA,NA,NA,NA,NA,bare tag in burrow,
576,AMAN,11/7/2018,8,x0991,"3,2,CC",0,0,0,0,0,0,"3,2",,,,,,,
577,AMAN,11/7/2018,8,x0998,"3,2,CC",0,0,0,0,0,0,"3,1",,,,,,,
578,AMAN,11/7/2018,8,x0941,"3,4,B3",0,0,0,0,0,0,"3,4",,,,,,,
579,AMAN,11/7/2018,8,x0943,"3,6,B4",0,0,0,0,0,0,"3,6",,,,,,,
580,AMAN,11/7/2018,8,x0960,"3,6,B5",0,0,0,0,0,0,"3,6",,,,,,,
581,AMAN,11/7/2018,8,x0841,"2,4",0,0,0,0,0,0,"2,4",,,,,,,
582,AMAN,11/7/2018,8,x0081,"2,4,CC",0,0,0,0,0,0,"2,4",,,,,,,
583,AMAN,11/7/2018,8,x0871,"2,6",0,0,0,0,0,0,"2,6",,,,,,,
584,AMAN,11/7/2018,8,x0956,"2,1,B2",1,0,0,0,0,1,"2,3",,,,,,,
585,AMAN,11/7/2018,8,x0085,"2,1,B5",0,0,0,0,0,0,"2,1",,,,,,,
586,AMAN,11/7/2018,8,x0807,"1,4,CC",0,0,0,0,0,0,"1,4",,,,,,,
587,AMAN,11/7/2018,8,x0868,"1,6,CC",0,0,0,0,0,0,"1,6",,,,,,,
588,AMAN,11/7/2018,8,x0866,"1,5,B4",0,0,0,0,0,0,"1,5",,,,,,,
589,AMAN,11/7/2018,8,x0944,"1,3",0,0,0,0,0,0,"1,3",,,,,,,
590,AMAN,11/7/2018,8,x0982,"4,1,CC",1,0,0,0,0,1,"4,1",,,,,,,
591,AMAN,11/7/2018,8,x0967,"4,2",0,0,0,0,0,0,"4,2",,,,,,,
592,AMAN,11/7/2018,8,x0775,"4,3",0,0,0,0,0,0,"4,3",,,,,,,
593,AMAN,11/7/2018,8,x0948,"4,4",1,0,0,0,0,1,"4,4",,,,,,,
594,AMAN,11/8/2018,8,x0982,"4,1,CC",0,0,0,0,0,0,"4,1",,,,,,,
595,AMAN,11/8/2018,8,x0967,"4,2,CC",0,0,0,0,0,0,"4,2",,,,,,,
596,AMAN,11/8/2018,8,x0775,"4,3,CC",0,0,0,0,0,0,"4,3",,,,,,,
597,AMAN,11/8/2018,8,x0866,"1,5,B4",0,0,0,0,0,0,"1,5",,,,,,,
598,AMAN,11/8/2018,8,x0944,"1,3",0,0,0,0,0,0,"1,3",,,,,,,
599,AMAN,11/8/2018,8,x0807,"1,4",0,0,0,0,0,0,"1,4",,,,,,,
600,AMAN,11/8/2018,8,x0868,"1,6,CC",0,0,0,0,0,0,"1,6",,,,,,,
601,AMAN,11/8/2018,8,x0085,"2,1,B5",0,0,0,0,0,0,"2,1",,,,,,,
602,AMAN,11/8/2018,8,x0956,"2,1,B3",0,0,0,0,0,0,"2,3",,,,,,,
603,AMAN,11/8/2018,8,x0841,"2,4,CC",0,0,0,0,0,0,"2,4",,,,,,,
604,AMAN,11/8/2018,8,x0081,"2,4,CC",0,0,0,0,0,0,"2,4",,,,,,,
605,AMAN,11/8/2018,8,x0871,"2,6",0,0,0,0,0,0,"2,6",,,,,,,
606,AMAN,11/8/2018,8,x0991,"3,2,CC",0,0,0,0,0,0,"3,2",,,,,,,
607,AMAN,11/8/2018,8,x0998,"3,2,CC",0,0,0,0,0,0,"3,1",,,,,,,
608,AMAN,11/8/2018,8,x0941,"3,4,B3",0,0,0,0,0,0,"3,4",,,,,,,
609,AMAN,11/8/2018,8,x0943,"3,6,B4",0,0,0,0,0,0,"3,6",,,,,,,
610,AMAN,11/8/2018,8,x0960,"3,6,B5",0,0,0,0,0,0,"3,6",,,,,,,
611,AMAN,11/9/2018,8,x0943,"3,6,B4",0,0,0,0,0,0,"3,6",,,,,,,
612,AMAN,11/9/2018,8,x0960,"3,6,B5",0,0,0,0,0,0,"3,6",,,,,,,
613,AMAN,11/9/2018,8,x0941,"3,4",0,0,0,0,0,0,"3,4",,,,,,,
614,AMAN,11/9/2018,8,x0998,"3,2,CC",0,0,0,0,0,0,"3,1",,,,,,,
615,AMAN,11/9/2018,8,x0991,"3,2,CC",0,0,0,0,0,0,"3,2",,,,,,,
616,AMAN,11/9/2018,8,x0871,"2,6,CC",0,0,0,0,0,0,"2,6",,,,,,,
617,AMAN,11/9/2018,8,x0081,"2,4,CC",0,0,0,0,0,0,"2,4",,,,,,,
618,AMAN,11/9/2018,8,x0841,"2,4,CC",0,0,0,0,0,0,"2,4",,,,,,,
619,AMAN,11/9/2018,8,x0085,"2,1,B5",0,0,0,0,0,0,"2,1",,,,,,,
620,AMAN,11/9/2018,8,x0956,"2,1,B2",0,0,0,0,0,0,"2,3",,,,,,,
621,AMAN,11/9/2018,8,x0868,"1,6",0,0,0,0,0,0,"1,6",,,,,,,
622,AMAN,11/9/2018,8,x0807,"1,4",0,0,0,0,0,0,"1,4",,,,,,,
623,AMAN,11/9/2018,8,x0944,"1,3",0,0,0,0,0,0,"1,3",,,,,,,
624,AMAN,11/9/2018,8,x0866,"1,5",0,0,0,0,0,0,"1,5",,,,,,,
625,AMAN,11/9/2018,8,x0982,"4,1,CC",0,0,0,0,0,0,"4,1",,,,,,,
626,AMAN,11/9/2018,8,x0967,"4,2,CC",0,0,0,0,0,0,"4,2",,,,,,,
627,AMAN,11/24/2018,9,x0924,"3,1,P3",1,1,0,0,0,1,"3,3",55,86,3.79,,,,
628,AMAN,11/24/2018,9,x0865,"3,6,P1",1,1,0,0,0,1,"3,8",49,95,3.89,,,,
629,AMAN,11/24/2018,9,x0956,"2,1,P1",1,1,0,0,0,1,"2,3",58,106,4.41,,,,
630,AMAN,11/24/2018,9,x0943,"3,6,B4",0,0,0,0,0,0,"3,6",,,,,,,
631,AMAN,11/24/2018,9,x0960,"3,6,B5",0,0,0,0,0,0,"3,6",,,,,,,
632,AMAN,11/24/2018,9,x0991,"3,2,CC",0,0,0,0,0,0,"3,2",,,,,,,
633,AMAN,11/24/2018,9,x0998,"3,2,CC",0,0,0,0,0,0,"3,1",,,,,,,
634,AMAN,11/24/2018,9,x0871,"2,6,CC",0,0,0,0,0,0,"2,6",,,,,,,
635,AMAN,11/24/2018,9,x0081,"2,4,CC",0,0,0,0,0,0,"2,4",,,,,,,
636,AMAN,11/24/2018,9,x0841,"2,4,CC",0,0,0,0,0,0,"2,4",,,,,,,
637,AMAN,11/24/2018,9,x0085,"2,1,B5",0,0,0,0,0,0,"2,1",,,,,,,
638,AMAN,11/24/2018,9,x0866,"1,5,B4",0,0,0,0,0,0,"1,5",,,,,,,
639,AMAN,11/24/2018,9,x0944,"1,3",0,0,0,0,0,0,"1,3",,,,,,,
640,AMOP,11/24/2018,9,x406254934,"1,4,CC",NA,0,0,0,0,0,NA,NA,NA,NA,NA,NA,Arianne Salamander,
641,AMAN,11/24/2018,9,x0807,"1,4,CC",0,0,0,0,0,0,"1,4",,,,,,,
642,AMAN,11/24/2018,9,x0868,"1,6,CC",0,0,0,0,0,0,"1,6",,,,,,,
643,AMAN,11/24/2018,9,x0982,"4,1,CC",0,0,0,0,0,0,"4,1",,,,,,,
644,AMAN,11/24/2018,9,x0967,"4,2,CC",0,0,0,0,0,0,"4,2",,,,,,,
645,AMAN,11/24/2018,9,x0775,"4,3,CC",0,0,0,0,0,0,"4,3",,,,,,may have moved ~10 cm? Hard to tell along fence,
646,AMAN,11/24/2018,9,x0092,"3,7,P1",1,1,0,0,0,1,"3,7",54,101,4.01,,,,
647,AMAN,11/25/2018,9,x0982,"4,1,CC",0,0,0,0,0,0,"4,1",,,,,,,
648,AMAN,11/25/2018,9,x0967,"4,2,CC",0,0,0,0,0,0,"4,2",,,,,,,
649,AMAN,11/25/2018,9,x0775,"4,3,CC",0,0,0,0,0,0,"4,3",,,,,,,
650,AMAN,11/25/2018,9,x0866,"1,5,B4",0,0,0,0,0,0,"1,5",,,,,,,
651,AMAN,11/25/2018,9,x0944,"1,3",0,0,0,0,0,0,"1,3",,,,,,,
652,AMAN,11/25/2018,9,x0807,"1,4,CC",0,0,0,0,0,0,"1,4",,,,,,,
653,AMAN,11/25/2018,9,x0868,"1,6,CC",0,0,0,0,0,0,"1,6",,,,,,,
654,AMAN,11/25/2018,9,x0085,"2,1,B5",0,0,0,0,0,0,"2,1",,,,,,,
655,AMAN,11/25/2018,9,x0081,"2,4,CC",0,0,0,0,0,0,"2,4",,,,,,,
656,AMAN,11/25/2018,9,x0841,"2,4,CC",0,0,0,0,0,0,"2,4",,,,,,,
657,AMAN,11/25/2018,9,x0871,"2,6,CC",0,0,0,0,0,0,"2,6",,,,,,,
658,AMAN,11/25/2018,9,x0998,"3,2,CC",0,0,0,0,0,0,"3,1",,,,,,,
659,AMAN,11/25/2018,9,x0991,"3,2,CC",0,0,0,0,0,0,"3,2",,,,,,,
660,AMAN,11/25/2018,9,x0943,"3,6,B4",0,0,0,0,0,0,"3,6",,,,,,,
661,AMAN,11/25/2018,9,x0960,"3,6,B5",0,0,0,0,0,0,"3,6",,,,,,,
662,AMAN,11/26/2018,9,x0982,"4,1,CC",0,0,0,0,0,0,"4,1",,,,,,,
663,AMAN,11/26/2018,9,x0967,"4,2,CC",0,0,0,0,0,0,"4,2",,,,,,,
664,AMAN,11/26/2018,9,x0775,"4,3,CC",0,0,0,0,0,0,"4,3",,,,,,,
665,AMAN,11/26/2018,9,x0991,"3,2,CC",0,0,0,0,0,0,"3,2",,,,,,,
666,AMAN,11/26/2018,9,x0998,"3,2,CC",0,0,0,0,0,0,"3,1",,,,,,,
667,AMAN,11/26/2018,9,x0943,"3,6,B4",0,0,0,0,0,0,"3,6",,,,,,,
668,AMAN,11/26/2018,9,x0960,"3,6,B5",0,0,0,0,0,0,"3,6",,,,,,,
669,AMAN,11/26/2018,9,x0871,"2,6,CC",0,0,0,0,0,0,"2,6",,,,,,,
670,AMAN,11/26/2018,9,x0841,"2,4,CC",0,0,0,0,0,0,"2,4",,,,,,,
671,AMAN,11/26/2018,9,x0081,"2,4,CC",0,0,0,0,0,0,"2,4",,,,,,,
672,AMAN,11/26/2018,9,x0085,"2,1,B5",0,0,0,0,0,0,"2,1",,,,,,,
673,AMAN,11/26/2018,9,x0866,"1,5,B4",0,0,0,0,0,0,"1,5",,,,,,,
674,AMAN,11/26/2018,9,x0944,"1,3,CC",0,0,0,0,0,0,"1,3",,,,,,,
675,AMAN,11/26/2018,9,x0868,"1,6,CC",0,0,0,0,0,0,"1,6",,,,,,,
676,AMAN,11/26/2018,9,x0807,"1,4,CC",0,0,0,0,0,0,"1,4",,,,,,,
677,AMAN,12/13/2018,10,x0944,"1,3",0,0,0,0,0,0,"1,3",,,,,,,
678,AMAN,12/13/2018,10,x0866,"1,5,B4",0,0,0,0,0,0,"1,5",,,,,,,
679,AMAN,12/13/2018,10,x0868,"1,6",0,0,0,0,0,0,"1,6",,,,,,,
680,AMAN,12/13/2018,10,x0807,"1,4",0,0,0,0,0,0,"1,4",,,,,,,
681,AMAN,12/13/2018,10,x0871,"2,6",0,0,0,0,0,0,"2,6",,,,,,,
682,AMAN,12/13/2018,10,x0841,"2,4",0,0,0,0,0,0,"2,4",,,,,,,
683,AMAN,12/13/2018,10,x0081,"2,4,CC",0,0,0,0,0,0,"2,4",,,,,,,
684,AMAN,12/13/2018,10,x0991,"3,2,CC",0,0,0,0,0,0,"3,2",,,,,,,
685,AMAN,12/13/2018,10,x0822,"3,2,CC",0,0,0,0,0,0,"3,2",,,,,,,
686,AMAN,12/13/2018,10,x0998,"3,2,CC",0,0,0,0,0,0,"3,1",,,,,,,
687,AMAN,12/13/2018,10,x0943,"3,6,B4",0,0,0,0,0,0,"3,6",,,,,,,
688,AMAN,12/13/2018,10,x0960,"3,6,B5",0,0,0,0,0,0,"3,6",,,,,,,
689,AMAN,12/13/2018,10,x0085,"2,1,B5",0,0,0,0,0,0,"2,1",,,,,,,
690,AMAN,12/13/2018,10,x0967,"4,2,CC",0,0,0,0,0,0,"4,2",,,,,,,
691,AMAN,12/13/2018,10,x0775,"4,3,CC",0,0,0,0,0,0,"4,3",,,,,,,
692,AMAN,12/14/2018,10,x0822,"3,2,CC",0,0,0,0,0,0,"3,2",,,,,,,
693,AMAN,12/14/2018,10,x0991,"3,2,CC",0,0,0,0,0,0,"3,2",,,,,,,
694,AMAN,12/14/2018,10,x0998,"3,2,CC",0,0,0,0,0,0,"3,1",,,,,,,
695,AMAN,12/14/2018,10,x0941,"3,4,B3",0,0,0,0,0,0,"3,4",,,,,,,
696,AMAN,12/14/2018,10,x0943,"3,6,B4",0,0,0,0,0,0,"3,6",,,,,,,
697,AMAN,12/14/2018,10,x0960,"3,6,B5",0,0,0,0,0,0,"3,6",,,,,,,
698,AMAN,12/14/2018,10,x0081,"2,4,CC",0,0,0,0,0,0,"2,4",,,,,,,
699,AMAN,12/14/2018,10,x0841,"2,4,CC",0,0,0,0,0,0,"2,4",,,,,,,
700,AMAN,12/14/2018,10,x0871,"2,6,CC",0,0,0,0,0,0,"2,6",,,,,,,
701,AMAN,12/14/2018,10,x0956,"2,5,B6",1,0,0,0,0,1,"2,3",,,,,,,
702,AMAN,12/14/2018,10,x0085,"2,1,B5",0,0,0,0,0,0,"2,1",,,,,,,
703,AMAN,12/14/2018,10,x0807,"1,4,CC",0,0,0,0,0,0,"1,4",,,,,,,
704,AMAN,12/14/2018,10,x0868,"1,6,CC",0,0,0,0,0,0,"1,6",,,,,,,
705,AMAN,12/14/2018,10,x0866,"1,5,B4",0,0,0,0,0,0,"1,5",,,,,,,
706,AMAN,12/14/2018,10,x0944,"1,3,B6",0,0,0,0,0,0,"1,3",,,,,,,
707,AMAN,12/14/2018,10,x0982,"4,1,CC",0,0,0,0,0,0,"4,1",,,,,,,
708,AMAN,12/14/2018,10,x0967,"4,2,CC",0,0,0,0,0,0,"4,2",,,,,,,
709,AMAN,12/14/2018,10,x0775,"4,3,CC",0,0,0,0,0,0,"4,3",,,,,,,
710,AMAN,12/14/2018,10,x0092,"3,7,P1",0,0,0,0,0,0,"3,7",,,,,,,
711,AMAN,12/15/2018,10,x0982,"4,1,CC",0,0,0,0,0,0,"4,1",,,,,,,
712,AMAN,12/15/2018,10,x0967,"4,2,CC",0,0,0,0,0,0,"4,2",,,,,,,
713,AMAN,12/15/2018,10,x0775,"4,3,CC",0,0,0,0,0,0,"4,3",,,,,,,
714,AMAN,12/15/2018,10,x0868,"1,6,CC",0,0,0,0,0,0,"1,6",,,,,,,
715,AMAN,12/15/2018,10,x0807,"1,4",0,0,0,0,0,0,"1,4",,,,,,,
716,AMAN,12/15/2018,10,x0944,"1,3",0,0,0,0,0,0,"1,3",,,,,,,
717,AMAN,12/15/2018,10,x0866,"1,5,B4",0,0,0,0,0,0,"1,5",,,,,,,
718,AMAN,12/15/2018,10,x0871,"2,6,CC",0,0,0,0,0,0,"2,6",,,,,,,
719,AMAN,12/15/2018,10,x0841,"2,4,CC",0,0,0,0,0,0,"2,4",,,,,,,
720,AMAN,12/15/2018,10,x0081,"2,4,CC",0,0,0,0,0,0,"2,4",,,,,,,
721,AMAN,12/15/2018,10,x0085,"2,1,B5",0,0,0,0,0,0,"2,1",,,,,,,
722,AMAN,12/15/2018,10,x0956,"2,5,B6",0,0,0,0,0,0,"2,3",,,,,,,
723,AMAN,12/15/2018,10,x0960,"3,6,B5",0,0,0,0,0,0,"3,6",,,,,,,
724,AMAN,12/15/2018,10,x0943,"3,6,B4",0,0,0,0,0,0,"3,6",,,,,,,
725,AMAN,12/15/2018,10,x0998,"3,2,CC",0,0,0,0,0,0,"3,1",,,,,,,
726,AMAN,12/15/2018,10,x0822,"3,2,CC",0,0,0,0,0,0,"3,2",,,,,,,
727,AMAN,12/15/2018,10,x0991,"3,2,CC",0,0,0,0,0,0,"3,2",,,,,,,
728,AMOP,12/15/2018,10,x406254934,"1,4,CC",0,0,0,0,0,0,NA,NA,NA,NA,NA,NA,Arianne Salamander,
729,AMAN,2/2/2019,11,x0991,"3,2,CC",0,0,0,0,0,0,"3,2",,,,,,,
730,AMAN,2/2/2019,11,x0998,"3,2,CC",0,0,0,0,0,0,"3,1",,,,,,,
731,AMAN,2/2/2019,11,x0822,"3,2",0,0,0,0,0,0,"3,2",,,,,,moved along fence?,
732,AMAN,2/2/2019,11,x0943,"3,6,B4",0,0,0,0,0,0,"3,6",,,,,,"burrow full of ice, likely a bare tag",
733,AMAN,2/2/2019,11,x0960,"3,6,B5",0,0,0,0,0,0,"3,6",,,,,,,
734,AMAN,2/2/2019,11,x0081,"2,4,CC",0,0,0,0,0,0,"2,4",,,,,,,
735,AMAN,2/2/2019,11,x0841,"2,4",0,0,0,0,0,0,"2,4",,,,,,,
736,AMAN,2/2/2019,11,x0871,"2,6",0,0,0,0,0,0,"2,6",,,,,,,
737,AMAN,2/2/2019,11,x0085,"2,1,B5",0,0,0,0,0,0,"2,1",,,,,,,
738,AMAN,2/2/2019,11,x0807,"1,4",0,0,0,0,0,0,"1,4",,,,,,,
739,AMAN,2/2/2019,11,x0868,"1,6",0,0,0,0,0,0,"1,6",,,,,,,
740,AMAN,2/2/2019,11,x0866,"1,5,B4",0,0,0,0,0,0,"1,5",,,,,,,
741,AMAN,2/2/2019,11,x0944,"1,3",0,0,0,0,0,0,"1,3",,,,,,,
742,AMAN,2/2/2019,11,x0967,"4,2",0,0,0,0,0,0,"4,2",,,,,,,
743,AMAN,2/2/2019,11,x0775,"4,3",0,0,0,0,0,0,"4,3",,,,,,,
744,AMAN,2/3/2019,11,x0866,"1,5,B4",0,0,0,0,0,0,"1,5",,,,,,,
745,AMAN,2/3/2019,11,x0944,"1,3",0,0,0,0,0,0,"1,3",,,,,,,
746,AMAN,2/3/2019,11,x0807,"1,4",0,0,0,0,0,0,"1,4",,,,,,,
747,AMAN,2/3/2019,11,x0868,"1,6",0,0,0,0,0,0,"1,6",,,,,,,
748,AMAN,2/3/2019,11,x0085,"2,1,B5",0,0,0,0,0,0,"2,1",,,,,,,
749,AMAN,2/3/2019,11,x0081,"2,4,CC",0,0,0,0,0,0,"2,4",,,,,,,
750,AMAN,2/3/2019,11,x0841,"2,4",0,0,0,0,0,0,"2,4",,,,,,,
751,AMAN,2/3/2019,11,x0871,"2,6",0,0,0,0,0,0,"2,6",,,,,,,
752,AMAN,2/3/2019,11,x0991,"3,2,CC",0,0,0,0,0,0,"3,2",,,,,,,
753,AMAN,2/3/2019,11,x0998,"3,2,CC",0,0,0,0,0,0,"3,1",,,,,,,
754,AMAN,2/3/2019,11,x0943,"3,6,B4",0,0,0,0,0,0,"3,6",,,,,,,
755,AMAN,2/3/2019,11,x0960,"3,6,B5",0,0,0,0,0,0,"3,6",,,,,,,
756,AMAN,2/3/2019,11,x0967,"4,2",0,0,0,0,0,0,"4,2",,,,,,,
757,AMAN,2/3/2019,11,x0775,"4,3",0,0,0,0,0,0,"4,3",,,,,,,
758,AMAN,2/4/2019,11,x0822,"3,2,CC",0,0,0,0,0,0,"3,2",,,,,,,
759,AMAN,2/4/2019,11,x0998,"3,2,CC",0,0,0,0,0,0,"3,1",,,,,,,
760,AMAN,2/4/2019,11,x0991,"3,2,CC",0,0,0,0,0,0,"3,2",,,,,,,
761,AMAN,2/4/2019,11,x0943,"3,6,B4",0,0,0,0,0,0,"3,6",,,,,,,
762,AMAN,2/4/2019,11,x0960,"3,6,B5",0,0,0,0,0,0,"3,6",,,,,,,
763,AMAN,2/4/2019,11,x0841,"2,4",0,0,0,0,0,0,"2,4",,,,,,,
764,AMAN,2/4/2019,11,x0081,"2,4,CC",0,0,0,0,0,0,"2,4",,,,,,,
765,AMAN,2/4/2019,11,x0871,"2,6",0,0,0,0,0,0,"2,6",,,,,,,
766,AMAN,2/4/2019,11,x0807,"1,4",0,0,0,0,0,0,"1,4",,,,,,,
767,AMAN,2/4/2019,11,x0868,"1,6",0,0,0,0,0,0,"1,6",,,,,,,
768,AMAN,2/4/2019,11,x0944,"1,3",0,0,0,0,0,0,"1,3",,,,,,,
769,AMAN,2/4/2019,11,x0967,"4,2",0,0,0,0,0,0,"4,2",,,,,,,
770,AMAN,2/4/2019,11,x0775,"4,3",0,0,0,0,0,0,"4,3",,,,,,,
771,AMAN,3/12/2019,12,x0991,"3,2,CC",0,0,0,0,0,0,"3,2",,,,,,,
772,AMAN,3/12/2019,12,x0998,"3,2,CC",0,0,0,0,0,0,"3,1",,,,,,,
773,AMAN,3/12/2019,12,x0822,"3,2,CC",0,0,0,0,0,0,"3,2",,,,,,,
774,AMAN,3/12/2019,12,x0943,"3,6,B4",0,0,0,0,0,0,"3,6",,,,,,,
775,AMAN,3/12/2019,12,x0960,"3,6,B5",0,0,0,0,0,0,"3,6",,,,,,,
776,AMAN,3/12/2019,12,x0081,"2,4,CC",0,0,0,0,0,0,"2,4",,,,,,,
777,AMAN,3/12/2019,12,x0841,"2,4,CC",0,0,0,0,0,0,"2,4",,,,,,,
778,AMAN,3/12/2019,12,x0871,"2,6,CC",0,0,0,0,0,0,"2,6",,,,,,,
779,AMAN,3/12/2019,12,x0085,"2,1,B5",0,0,0,0,0,0,"2,1",,,,,,,
780,AMAN,3/12/2019,12,x0807,"1,4,CC",0,0,0,0,0,0,"1,4",,,,,,,
781,AMAN,3/12/2019,12,x0944,"1,3",0,0,0,0,0,0,"1,3",,,,,,,
782,AMAN,3/12/2019,12,x0967,"4,2,CC",0,0,0,0,0,0,"4,2",,,,,,,
783,AMAN,3/12/2019,12,x0775,"4,3,CC",0,0,0,0,0,0,"4,3",,,,,,,
784,AMAN,3/13/2019,12,x0866,"1,5",0,0,0,0,0,0,"1,5",,,,,,,
785,AMAN,3/13/2019,12,x0944,"1,3",0,0,0,0,0,0,"1,3",,,,,,,
786,AMAN,3/13/2019,12,x0807,"1,4,CC",0,0,0,0,0,0,"1,4",,,,,,,
787,AMAN,3/13/2019,12,x0868,"1,6,CC",0,0,0,0,0,0,"1,6",,,,,,,
788,AMAN,3/13/2019,12,x0085,"2,1,B5",0,0,0,0,0,0,"2,1",,,,,,,
789,AMAN,3/13/2019,12,x0081,"2,4,CC",0,0,0,0,0,0,"2,4",,,,,,,
790,AMAN,3/13/2019,12,x0841,"2,4,CC",0,0,0,0,0,0,"2,4",,,,,,,
791,AMAN,3/13/2019,12,x0871,"2,6,CC",0,0,0,0,0,0,"2,6",,,,,,,
792,AMAN,3/13/2019,12,x0924,"3,3,B4",1,0,0,0,0,1,"3,3",,,,,,"in burrow, no visual",
793,AMAN,3/13/2019,12,x0998,"3,2,CC",0,0,0,0,0,0,"3,1",,,,,,,
794,AMAN,3/13/2019,12,x0991,"3,2,CC",0,0,0,0,0,0,"3,2",,,,,,,
795,AMAN,3/13/2019,12,x0822,"3,2,CC",0,0,0,0,0,0,"3,2",,,,,,,
796,AMAN,3/13/2019,12,x0943,"3,6,B4",0,0,0,0,0,0,"3,6",,,,,,,
797,AMAN,3/13/2019,12,x0960,"3,6,B5",0,0,0,0,0,0,"3,6",,,,,,,
798,AMAN,3/13/2019,12,x0967,"4,2,CC",0,0,0,0,0,0,"4,2",,,,,,,
799,AMAN,3/13/2019,12,x0775,"4,3,CC",0,0,0,0,0,0,"4,3",,,,,,,
800,AMTE,3/13/2019,12,x362356575,"4,5W,P3",NA,1,1,0,0,1,NA,87,149,17.62,,,Arianne Salamander,
801,AMTE,3/13/2019,12,x362356579,"3,1,P3",NA,1,1,0,0,1,NA,84,143,13.74,,,Arianne Salamander,
802,AMTE,3/13/2019,12,x362356588,"4,6E,Litter",NA,1,1,0,0,1,NA,75,135,16.59,,,Arianne Salamander,
803,AMTE,3/13/2019,12,x406254999,"4,6E,Litter",NA,1,1,0,0,1,NA,74,132,14.13,,,Arianne Salamander,
804,AMTE,3/13/2019,12,x362356669,"1,3,P1",NA,1,1,0,0,1,NA,81,150,11.45,,,Arianne Salamander,
805,AMMA,3/13/2019,12,x406254841,"4,6W,P4",NA,1,1,0,0,1,NA,80,116,15.43,,,Arianne Salamander,
806,AMAN,3/14/2019,12,x0967,"4,2,CC",0,0,0,0,0,0,"4,2",,,,,,,
807,AMAN,3/14/2019,12,x0775,"4,3,CC",0,0,0,0,0,0,"4,3",,,,,,,
808,AMAN,3/14/2019,12,x0944,"1,3",0,0,0,0,0,0,"1,3",,,,,,,
809,AMAN,3/14/2019,12,x0807,"1,4,CC",0,0,0,0,0,0,"1,4",,,,,,,
810,AMAN,3/14/2019,12,x0868,"1,6,CC",0,0,0,0,0,0,"1,6",,,,,,,
811,AMAN,3/14/2019,12,x0081,"2,4,CC",0,0,0,0,0,0,"2,4",,,,,,,
812,AMAN,3/14/2019,12,x0841,"2,4,CC",0,0,0,0,0,0,"2,4",,,,,,,
813,AMAN,3/14/2019,12,x0871,"2,6,CC",0,0,0,0,0,0,"2,6",,,,,,,
814,AMAN,3/14/2019,12,x0085,"2,1,B5",0,0,0,0,0,0,"2,1",,,,,,,
815,AMAN,3/14/2019,12,x0822,"3,2,CC",0,0,0,0,0,0,"3,2",,,,,,,
816,AMAN,3/14/2019,12,x0998,"3,2,CC",0,0,0,0,0,0,"3,1",,,,,,,
817,AMAN,3/14/2019,12,x0991,"3,2,CC",0,0,0,0,0,0,"3,2",,,,,,,
818,AMAN,3/14/2019,12,x0943,"3,6,B4",0,0,0,0,0,0,"3,6",,,,,,,
819,AMAN,3/14/2019,12,x0960,"3,6,B5",0,0,0,0,0,0,"3,6",,,,,,,
820,AMAN,3/14/2019,12,x0924,"3,3,B4",0,0,0,0,0,0,"3,3",,,,,,,
821,AMAN,3/26/2019,13,x0991,"3,2,CC",0,0,0,0,0,0,"3,2",,,,,,,
822,AMAN,3/26/2019,13,x0998,"3,2,CC",0,0,0,0,0,0,"3,1",,,,,,,
823,AMAN,3/26/2019,13,x0822,"3,2,CC",0,0,0,0,0,0,"3,2",,,,,,,
824,AMAN,3/26/2019,13,x0943,"3,6,B4",0,0,0,0,0,0,"3,6",,,,,,,
825,AMAN,3/26/2019,13,x0960,"3,6,B5",0,0,0,0,0,0,"3,6",,,,,,,
826,AMAN,3/26/2019,13,x0924,"3,3,B4",0,0,0,0,0,0,"3,3",,,,,,signal disappeared while searching,
827,AMAN,3/26/2019,13,x0081,"2,4,CC",0,0,0,0,0,0,"2,4",,,,,,,
828,AMAN,3/26/2019,13,x0841,"2,4",0,0,0,0,0,0,"2,4",,,,,,,
829,AMAN,3/26/2019,13,x0871,"2,6",0,0,0,0,0,0,"2,6",,,,,,,
830,AMAN,3/26/2019,13,x0085,"2,1,B5",0,0,0,0,0,0,"2,1",,,,,,,
831,AMAN,3/26/2019,13,x0807,"1,4",0,0,0,0,0,0,"1,4",,,,,,,
832,AMAN,3/26/2019,13,x0868,"1,6,CC",0,0,0,0,0,0,"1,6",,,,,,,
833,AMAN,3/26/2019,13,x0944,"1,3,CC",0,0,0,0,0,0,"1,3",,,,,,,
834,AMAN,3/26/2019,13,x0775,"4,3",0,0,0,0,0,0,"4,3",,,,,,,
835,AMAN,3/26/2019,13,x0967,"4,2",0,0,0,0,0,0,"4,2",,,,,,,
836,AMAN,3/27/2019,13,x0924,"3,3,B4",0,0,0,0,0,0,"3,3",,,,,,,
837,AMAN,3/27/2019,13,x0943,"3,6,B4",0,0,0,0,0,0,"3,6",,,,,,,
838,AMAN,3/27/2019,13,x0960,"3,6,B5",0,0,0,0,0,0,"3,6",,,,,,,
839,AMAN,3/27/2019,13,x0822,"3,2,CC",0,0,0,0,0,0,"3,2",,,,,,,
840,AMAN,3/27/2019,13,x0998,"3,2,CC",0,0,0,0,0,0,"3,1",,,,,,,
841,AMAN,3/27/2019,13,x0991,"3,2,CC",0,0,0,0,0,0,"3,2",,,,,,,
842,AMAN,3/27/2019,13,x0081,"2,4,CC",0,0,0,0,0,0,"2,4",,,,,,,
843,AMAN,3/27/2019,13,x0841,"2,4",0,0,0,0,0,0,"2,4",,,,,,,
844,AMAN,3/27/2019,13,x0871,"2,6",0,0,0,0,0,0,"2,6",,,,,,,
845,AMAN,3/27/2019,13,x0085,"2,1,B5",0,0,0,0,0,0,"2,1",,,,,,,
846,AMAN,3/27/2019,13,x0807,"1,4",0,0,0,0,0,0,"1,4",,,,,,,
847,AMAN,3/27/2019,13,x0868,"1,6",0,0,0,0,0,0,"1,6",,,,,,,
848,AMAN,3/27/2019,13,x0866,"1,5,B4",0,0,0,0,0,0,"1,5",,,,,,,
849,AMAN,3/27/2019,13,x0944,"1,3",0,0,0,0,0,0,"1,3",,,,,,,
850,AMAN,3/27/2019,13,x0967,"4,2",0,0,0,0,0,0,"4,2",,,,,,,
851,AMAN,3/27/2019,13,x0775,"4,3",0,0,0,0,0,0,"4,3",,,,,,,
852,AMAN,3/28/2019,13,x0967,"4,2",0,0,0,0,0,0,"4,2",,,,,,,
853,AMAN,3/28/2019,13,x0775,"4,3",0,0,0,0,0,0,"4,3",,,,,,,
854,AMAN,3/28/2019,13,x0948,"4,4,B5",1,0,0,0,0,1,"4,4",,,,,,,
855,AMAN,3/28/2019,13,x0924,"3,3,B5",0,0,0,0,0,0,"3,3",,,,,,,
856,AMAN,3/28/2019,13,x0991,"3,2,CC",0,0,0,0,0,0,"3,2",,,,,,,
857,AMAN,3/28/2019,13,x0822,"3,2,CC",0,0,0,0,0,0,"3,2",,,,,,,
858,AMAN,3/28/2019,13,x0998,"3,2,CC",0,0,0,0,0,0,"3,1",,,,,,,
859,AMAN,3/28/2019,13,x0943,"3,6,B4",0,0,0,0,0,0,"3,6",,,,,,,
860,AMAN,3/28/2019,13,x0960,"3,6,B5",0,0,0,0,0,0,"3,6",,,,,,,
861,AMAN,3/28/2019,13,x0085,"2,1,B5",0,0,0,0,0,0,"2,1",,,,,,,
862,AMAN,3/28/2019,13,x0081,"2,4,CC",0,0,0,0,0,0,"2,4",,,,,,,
863,AMAN,3/28/2019,13,x0841,"2,4",0,0,0,0,0,0,"2,4",,,,,,,
864,AMAN,3/28/2019,13,x0871,"2,6",0,0,0,0,0,0,"2,6",,,,,,,
865,AMAN,3/28/2019,13,x0866,"1,5,B4",0,0,0,0,0,0,"1,5",,,,,,,
866,AMAN,3/28/2019,13,x0944,"1,3",0,0,0,0,0,0,"1,3",,,,,,,
867,AMAN,3/28/2019,13,x0807,"1,4",0,0,0,0,0,0,"1,4",,,,,,,
868,AMAN,3/28/2019,13,x0868,"1,6",0,0,0,0,0,0,"1,6",,,,,,,
869,AMAN,3/28/2019,13,x0956,"2,5,B6",1,0,0,0,0,1,"2,3",,,,,,,
870,AMAN,4/10/2019,14,x0991,"3,2,CC",0,0,0,0,0,0,"3,2",,,,,,,
871,AMAN,4/10/2019,14,x0822,"3,2,CC",0,0,0,0,0,0,"3,2",,,,,,,
872,AMAN,4/10/2019,14,x0998,"3,2,CC",0,0,0,0,0,0,"3,1",,,,,,,
873,AMAN,4/10/2019,14,x0943,"3,6,B4",0,0,0,0,0,0,"3,6",,,,,,"checked burrow with camera, no visual. Possible tag",
874,AMAN,4/10/2019,14,x0960,"3,6,B5",0,0,0,0,0,0,"3,6",,,,,,"checked burrow with camera, no visual. Possible tag",
875,AMAN,4/10/2019,14,x0924,"3,3,B4",0,1,0,0,0,1,"3,3",,,,,,burrow camera visual!,
876,AMAN,4/10/2019,14,x0081,"2,4,CC",0,0,0,0,0,0,"2,4",,,,,,,
877,AMAN,4/10/2019,14,x0841,"2,4",0,0,0,0,0,0,"2,4",,,,,,,
878,AMAN,4/10/2019,14,x0871,"2,6,CC",0,0,0,0,0,0,"2,6",,,,,,,
879,AMAN,4/10/2019,14,x0085,"2,1,B5",0,0,0,0,0,0,"2,1",,,,,,"checked burrow with camera, no visual. Possible tag",
880,AMAN,4/10/2019,14,x0944,"1,3",0,0,0,0,0,0,"1,3",,,,,,,
881,AMAN,4/10/2019,14,x0866,"1,5,B4",0,0,0,0,0,0,"1,5",,,,,,"checked burrow with camera, no visual. Possible tag",
882,AMAN,4/10/2019,14,x0868,"1,6,CC",0,0,0,0,0,0,"1,6",,,,,,,
883,AMAN,4/10/2019,14,x0807,"1,4,CC",0,0,0,0,0,0,"1,4",,,,,,,
884,AMAN,4/10/2019,14,x0967,"4,2,CC",0,0,0,0,0,0,"4,2",,,,,,,
885,AMAN,4/10/2019,14,x0965,"4,2,CC",1,0,0,0,0,1,"4,2",,,,,,signal moved when placing the flag,
886,AMAN,4/10/2019,14,x0775,"4,3,CC",0,0,0,0,0,0,"4,3",,,,,,,
887,AMAN,4/10/2019,14,x0956,"2,5,B6",0,0,0,0,0,0,"2,3",,,,,,did not check for visual with burrow camera. ,
888,AMAN,4/11/2019,14,x0943,"3,6,B4",0,0,0,0,0,0,"3,6",,,,,,,
889,AMAN,4/11/2019,14,x0960,"3,6,B5",0,0,0,0,0,0,"3,6",,,,,,,
890,AMAN,4/11/2019,14,x0822,"3,2,CC",0,0,0,0,0,0,"3,2",,,,,,,
891,AMAN,4/11/2019,14,x0998,"3,2,CC",0,0,0,0,0,0,"3,1",,,,,,,
892,AMAN,4/11/2019,14,x0991,"3,2,CC",0,0,0,0,0,0,"3,2",,,,,,,
893,AMAN,4/11/2019,14,x0967,"4,2,CC",0,0,0,0,0,0,"4,2",,,,,,,
894,AMAN,4/11/2019,14,x0965,"4,2,CC",1,0,0,0,0,1,"4,2",,,,,,,
895,AMAN,4/11/2019,14,x0775,"4,3,CC",0,0,0,0,0,0,"4,3",,,,,,,
896,AMAN,4/11/2019,14,x0956,"2,5,B6",0,1,0,0,0,1,"2,3",,,,,,burrow camera recap,
897,AMAN,4/11/2019,14,x0085,"2,1,B5",0,0,0,0,0,0,"2,1",,,,,,,
898,AMAN,4/11/2019,14,x0841,"2,4,CC",0,0,0,0,0,0,"2,4",,,,,,,
899,AMAN,4/11/2019,14,x0081,"2,4,CC",0,0,0,0,0,0,"2,4",,,,,,,
900,AMAN,4/11/2019,14,x0871,"2,6,CC",0,0,0,0,0,0,"2,6",,,,,,,
901,AMAN,4/11/2019,14,x0866,"1,5,B4",0,0,0,0,0,0,"1,5",,,,,,,
902,AMAN,4/11/2019,14,x0944,"1,3",0,0,0,0,0,0,"1,3",,,,,,,
903,AMAN,4/11/2019,14,x0807,"1,4",0,0,0,0,0,0,"1,4",,,,,,,
904,AMAN,4/11/2019,14,x0868,"1,6",0,0,0,0,0,0,"1,6",,,,,,,
905,AMAN,4/11/2019,14,x0865,"3,8,P1",1,1,0,0,0,1,"3,8",55,96,4.27,,,,
906,AMAN,4/11/2019,14,x0924,"3,3,B4",0,1,0,0,0,1,"3,3",,,,,,burrow camera recap,
907,AMAN,4/12/2019,14,x0868,"1,6,CC",0,0,0,0,0,0,"1,6",,,,,,,
908,AMAN,4/12/2019,14,x0807,"1,4",0,0,0,0,0,0,"1,4",,,,,,,
909,AMAN,4/12/2019,14,x406254934,"1,4,CC",0,0,0,0,0,0,NA,NA,NA,NA,NA,NA,Arianne salamander,
910,AMAN,4/12/2019,14,x0944,"1,3,CC",0,0,0,0,0,0,"1,3",,,,,,,
911,AMAN,4/12/2019,14,x0946,"1,3,CC",1,0,0,0,0,1,"1,3",,,,,,,
912,AMAN,4/12/2019,14,x0866,"1,5,B4",0,0,0,0,0,0,"1,5",,,,,,,
913,AMAN,4/12/2019,14,x0871,"2,6",0,0,0,0,0,0,"2,6",,,,,,,
914,AMAN,4/12/2019,14,x0841,"2,4,CC",0,0,0,0,0,0,"2,4",,,,,,,
915,AMAN,4/12/2019,14,x0081,"2,4,CC",0,0,0,0,0,0,"2,4",,,,,,,
916,AMAN,4/12/2019,14,x0085,"2,1,B5",0,0,0,0,0,0,"2,1",,,,,,,
917,AMAN,4/12/2019,14,x0956,"2,5,B6",0,0,0,0,0,0,"2,3",,,,,,dissappear into water?,
918,AMAN,4/12/2019,14,x0924,"3,3,B4",0,1,0,0,0,1,"3,3",,,,,,camera recap,
919,AMAN,4/12/2019,14,x0991,"3,2,CC",0,0,0,0,0,0,"3,2",,,,,,,
920,AMAN,4/12/2019,14,x0998,"3,2,CC",0,0,0,0,0,0,"3,1",,,,,,,
921,AMAN,4/12/2019,14,x0822,"3,2,CC",0,0,0,0,0,0,"3,2",,,,,,,
922,AMAN,4/12/2019,14,x0943,"3,6,B4",0,0,0,0,0,0,"3,6",,,,,,,
923,AMAN,4/12/2019,14,x0960,"3,6,B5",0,0,0,0,0,0,"3,6",,,,,,,
924,AMAN,4/12/2019,14,x0965,"4,2,CC",0,0,0,0,0,0,"4,2",,,,,,,
925,AMAN,4/12/2019,14,x0967,"4,2,CC",0,0,0,0,0,0,"4,2",,,,,,,
926,AMAN,4/12/2019,14,x0775,"4,3,CC",0,0,0,0,0,0,"4,3",,,,,,,
927,AMAN,4/27/2019,15,x0866,"1,5,B4",0,0,0,0,0,0,"1,5",,,,,,,
928,AMAN,4/27/2019,15,x0944,"1,3",0,0,0,0,0,0,"1,3",,,,,,,
929,AMAN,4/27/2019,15,x0946,"1,3",0,0,0,0,0,0,"1,3",,,,,,,
930,AMAN,4/27/2019,15,x0807,"1,4,CC",0,0,0,0,0,0,"1,4",,,,,,,
931,AMAN,4/27/2019,15,x0868,"1,6,CC",0,0,0,0,0,0,"1,6",,,,,,,
932,AMAN,4/27/2019,15,x0871,"2,6,CC",0,0,0,0,0,0,"2,6",,,,,,,
933,AMAN,4/27/2019,15,x0841,"2,4",0,0,0,0,0,0,"2,4",,,,,,,
934,AMAN,4/27/2019,15,x0081,"2,4,CC",0,0,0,0,0,0,"2,4",,,,,,,
935,AMAN,4/27/2019,15,x0085,"2,1,B5",0,0,0,0,0,0,"2,1",,,,,,,
936,AMAN,4/27/2019,15,x0943,"3,6,B4",0,0,0,0,0,0,"3,6",,,,,,,
937,AMAN,4/27/2019,15,x0960,"3,6,B5",0,0,0,0,0,0,"3,6",,,,,,,
938,AMAN,4/27/2019,15,x0822,"3,2,CC",0,0,0,0,0,0,"3,2",,,,,,,
939,AMAN,4/27/2019,15,x0998,"3,2,CC",0,0,0,0,0,0,"3,1",,,,,,,
940,AMAN,4/27/2019,15,x0991,"3,2,CC",0,0,0,0,0,0,"3,2",,,,,,,
941,AMAN,4/27/2019,15,x0967,"4,2,CC",0,0,0,0,0,0,"4,2",,,,,,,
942,AMAN,4/27/2019,15,x0965,"4,2,CC",0,0,0,0,0,0,"4,2",,,,,,,
943,AMAN,4/28/2019,15,x0775,"4,3,CC",0,0,0,0,0,0,"4,3",,,,,,,
944,AMAN,4/28/2019,15,x0967,"4,2,CC",0,0,0,0,0,0,"4,2",,,,,,,
945,AMAN,4/28/2019,15,x0965,"4,2,CC",0,0,0,0,0,0,"4,2",,,,,,,
946,AMAN,4/28/2019,15,x0982,"4,1,CC",0,0,0,0,0,0,"4,1",,,,,,,
947,AMAN,4/28/2019,15,x0868,"1,6,CC",0,0,0,0,0,0,"1,6",,,,,,moved <10 cm along fence?,
948,AMOP,4/28/2019,15,x406254934,"1,4,CC",0,0,0,0,0,0,NA,NA,NA,NA,NA,NA,Arianne salamander,
949,AMAN,4/28/2019,15,x0807,"1,4,CC",0,0,0,0,0,0,"1,4",,,,,,,
950,AMAN,4/28/2019,15,x0944,"1,3",0,0,0,0,0,0,"1,3",,,,,,,
951,AMAN,4/28/2019,15,x0866,"1,5",0,0,0,0,0,0,"1,5",,,,,,,
952,AMAN,4/28/2019,15,x0871,"2,6",0,0,0,0,0,0,"2,6",,,,,,,
953,AMAN,4/28/2019,15,x0841,"2,4,CC",0,0,0,0,0,0,"2,4",,,,,,,
954,AMAN,4/28/2019,15,x0081,"2,4,CC",0,0,0,0,0,0,"2,4",,,,,,,
955,AMAN,4/28/2019,15,x0085,"2,1,B5",0,0,0,0,0,0,"2,1",,,,,,,
956,AMAN,4/28/2019,15,x0943,"3,6,B4",0,0,0,0,0,0,"3,6",,,,,,,
957,AMAN,4/28/2019,15,x0960,"3,6,B5",0,0,0,0,0,0,"3,6",,,,,,,
958,AMMA,4/28/2019,15,x362356628,"3,3,CC",1,0,0,0,0,1,NA,NA,NA,NA,NA,NA,Arianne salamander,
959,AMAN,4/28/2019,15,x0924,"3,1,B6",1,1,0,0,0,1,"3,3",,,,,,burrow camera recapture,
960,AMAN,4/28/2019,15,x0822,"3,2,CC",0,0,0,0,0,0,"3,2",,,,,,,
961,AMAN,4/28/2019,15,x0991,"3,2,CC",0,0,0,0,0,0,"3,2",,,,,,,
962,AMAN,4/28/2019,15,x0998,"3,2,CC",0,0,0,0,0,0,"3,1",,,,,,,
963,AMAN,4/29/2019,15,x0982,"4,1,CC",0,0,0,0,0,0,"4,1",,,,,,,
964,AMAN,4/29/2019,15,x0967,"4,2,CC",0,0,0,0,0,0,"4,2",,,,,,,
965,AMAN,4/29/2019,15,x0965,"4,2,CC",0,0,0,0,0,0,"4,2",,,,,,,
966,AMAN,4/29/2019,15,x0775,"4,3,CC",0,0,0,0,0,0,"4,3",,,,,,,
967,AMAN,4/29/2019,15,x0865,"3,8,P1",1,1,1,0,0,1,"3,8",55,101,4.77,Nik 10:21,,photo taken on 05/07/2019,
968,AMMA,4/29/2019,15,x362356628,"3,3,CC",0,0,0,0,0,0,NA,NA,NA,NA,NA,NA,Arianne salamander,
969,AMAN,4/29/2019,15,x0924,"3,1,B6",0,1,0,0,0,1,"3,3",,,,,,saw nose in burrow,
970,AMAN,4/29/2019,15,x0991,"3,2,CC",0,0,0,0,0,0,"3,2",,,,,,,
971,AMAN,4/29/2019,15,x0998,"3,2,CC",0,0,0,0,0,0,"3,1",,,,,,,
972,AMAN,4/29/2019,15,x0822,"3,2,CC",0,0,0,0,0,0,"3,2",,,,,,,
973,AMAN,4/29/2019,15,x0943,"3,6,B4",0,0,0,0,0,0,"3,6",,,,,,,
974,AMAN,4/29/2019,15,x0960,"3,6,B5",0,0,0,0,0,0,"3,6",,,,,,,
975,AMAN,4/29/2019,15,x0871,"2,6,CC",0,0,0,0,0,0,"2,6",,,,,,,
976,AMAN,4/29/2019,15,x0841,"2,4,CC",0,0,0,0,0,0,"2,4",,,,,,,
977,AMAN,4/29/2019,15,x0081,"2,4,CC",0,0,0,0,0,0,"2,4",,,,,,,
978,AMAN,4/29/2019,15,x0085,"2,1,B5",0,0,0,0,0,0,"2,1",,,,,,,
979,AMAN,4/29/2019,15,x0956,"2,5,B6",0,1,0,0,0,1,"2,3",,,,,,bumped animal deeper while searching,
980,AMAN,4/29/2019,15,x0866,"1,5,B4",0,0,0,0,0,0,"1,5",,,,,,,
981,AMAN,4/29/2019,15,x0944,"1,3",0,0,0,0,0,0,"1,3",,,,,,,
982,AMAN,4/29/2019,15,x0946,"1,3",0,0,0,0,0,0,"1,3",,,,,,,
983,AMAN,4/29/2019,15,x0807,"1,4,CC",0,0,0,0,0,0,"1,4",,,,,,,
984,AMAN,4/29/2019,15,x0868,"1,6,CC",0,0,0,0,0,0,"1,6",,,,,,,
985,AMAN,5/7/2019,16,x0956,"2,5,P4",1,1,1,0,0,1,"2,3",73,129,7.36,Nik 10:27,,,
986,AMAN,5/7/2019,16,x0924,"3,1,P1",1,1,1,0,0,1,"3,3",65,107,7.72,Nik 10:20(2),,regenerating tail,
987,AMAN,5/7/2019,16,x0813,"4,2,P4",1,1,1,0,0,1,"4,1",59,113,6.5,Nik 10:24,,,
988,AMAN,5/7/2019,16,x0092,"3,7,P1",1,1,1,0,0,1,"3,7",66,117,8.38,Nik 10:20(1),,,
989,AMAN,5/8/2019,16,x0866,"1,5,B4",0,0,0,0,0,0,"1,5",,,,,,burrow full of water,
990,AMAN,5/8/2019,16,x0946,"1,3",0,0,0,0,0,0,"1,3",,,,,,,
991,AMAN,5/8/2019,16,x0944,"1,3",0,0,0,0,0,0,"1,3",,,,,,,
992,AMAN,5/8/2019,16,x406254934,"1,4",0,0,0,0,0,0,NA,NA,NA,NA,NA,NA,Arianne salamander,
993,AMAN,5/8/2019,16,x0807,"1,4",0,0,0,0,0,0,"1,4",,,,,,,
994,AMAN,5/8/2019,16,x0868,"1,6",0,0,0,0,0,0,"1,6",,,,,,,
995,AMAN,5/8/2019,16,x0871,"2,6",0,0,0,0,0,0,"2,6",,,,,,,
996,AMAN,5/8/2019,16,x0841,"2,4",0,0,0,0,0,0,"2,4",,,,,,,
997,AMAN,5/8/2019,16,x0081,"2,4,CC",0,0,0,0,0,0,"2,4",,,,,,,
998,AMAN,5/8/2019,16,x0085,"2,1,B5",0,0,0,0,0,0,"2,1",,,,,,,
999,AMAN,5/8/2019,16,x0991,"3,2,CC",0,2,1,1,0,0,"3,2",NA,NA,NA,NA,NA,bare tag,
1000,AMAN,5/8/2019,16,x0998,"3,2,CC",0,2,1,1,0,0,"3,1",NA,NA,NA,NA,NA,bare tag,
1001,AMAN,5/8/2019,16,x0822,"3,2,CC",0,2,1,1,0,0,"3,2",NA,NA,NA,NA,NA,bare tag,
1002,AMAN,5/8/2019,16,x0943,"3,6,B4",0,2,1,1,0,0,"3,6",NA,NA,NA,NA,NA,bare tag; in clay soil on top of burrow,
1003,AMAN,5/8/2019,16,x0960,"3,6,B5",0,2,1,1,0,0,"3,6",NA,NA,NA,NA,NA,bare tag,
1004,AMAN,5/8/2019,16,x0982,"4,1,CC",0,0,0,0,0,0,"4,1",,,,,,,
1005,AMAN,5/8/2019,16,x0967,"4,2,CC",0,0,0,0,0,0,"4,2",,,,,,,
1006,AMAN,5/8/2019,16,x0965,"4,2,CC",0,0,0,0,0,0,"4,2",,,,,,,
1007,AMAN,5/8/2019,16,x0775,"4,3,CC",0,0,0,0,0,0,"4,3",,,,,,,
1008,AMAN,5/9/2019,16,x0982,"4,1,CC",0,0,0,0,0,0,"4,1",,,,,,likely tag. Moved tag deeper while searching. Gave up after ~30 mins,
1009,AMAN,5/9/2019,16,x0967,"4,2,CC",0,2,1,1,0,0,"4,2",NA,NA,NA,NA,NA,bare tag,
1010,AMAN,5/9/2019,16,x0965,"4,2,L",0,2,1,1,0,0,"4,2",NA,NA,NA,NA,NA,bare tag,
1011,AMAN,5/9/2019,16,x0775,"4,3,CC",0,2,1,1,0,0,"4,3",NA,NA,NA,NA,NA,bare tag,
1012,AMAN,5/9/2019,16,x0944,"1,3,CC",0,2,1,1,0,0,"1,3",NA,NA,NA,NA,NA,bare tag,
1013,AMAN,5/9/2019,16,x0807,"1,4,CC",0,2,1,1,0,0,"1,4",NA,NA,NA,NA,NA,bare tag,
1014,AMAN,5/9/2019,16,x0868,"1,6,CC",0,2,1,1,0,0,"1,6",NA,NA,NA,NA,NA,bare tag,
1015,AMAN,5/9/2019,16,x0871,"2,6,CC",0,2,1,1,0,0,"2,6",NA,NA,NA,NA,NA,bare tag,
1016,AMAN,5/9/2019,16,x0841,"2,4,CC",0,2,1,1,0,0,"2,4",NA,NA,NA,NA,NA,bare tag,
1017,AMAN,5/9/2019,16,x0081,"2,4,CC",0,2,1,1,0,0,"2,4",NA,NA,NA,NA,NA,bare tag,
1018,AMAN,5/9/2019,16,x0085,"2,1,B5",0,2,1,1,0,0,"2,1",NA,NA,NA,NA,NA,bare tag; in clay soil on top of burrow,
1019,AMAN,5/10/2019,16,x0985,"3,4,CC",1,2,1,1,0,0,"3,4",NA,NA,NA,NA,NA,bare tag,
1020,AMAN,5/10/2019,16,x362356628,"3,3,CC",0,0,0,0,0,0,NA,NA,NA,NA,NA,NA,Arianne salamander,
1021,AMAN,5/10/2019,16,x0935,"2,6,B6",0,2,1,1,0,0,"2,6",NA,NA,NA,NA,NA,bare tag; in burrow,
1022,AMAN,5/10/2019,16,x0866,"1,5,B4",0,2,1,1,0,0,"1,5",NA,NA,NA,NA,NA,bare tag; in burrow,
1023,AMAN,5/10/2019,16,x0946,"1,3,CC",0,0,0,0,0,0,"1,3",,,,,,"signal disappeared, couldn't search",
1024,AMAN,5/10/2019,16,x0982,"4,1,CC",0,0,0,0,0,0,"4,1",,,,,,did not search,
1025,AMAN,7/6/2019,16,x0993,"2,7,P1",1,2,1,1,0,0,"2,7",NA,NA,NA,NA,NA,bare tag found in P1 during 2019-2020 experiments,
